"","ligand","receptor","counts_pat2_ligands","counts_pat1_ligands","freq_pat2_ligands","freq_pat1_ligands","n_cells_with_min_umis_above_thresh","log2_FC","p.value","adj.p.value"
"ICAM2_MERTK","ICAM2","MERTK",115,30,2.81654755487057e-06,9.16173093681997e-07,131,-2.17097000638585,0.01858,0.137643673469388
"ICAM2_IFNGR1","ICAM2","IFNGR1",115,30,2.81654755487057e-06,9.16173093681997e-07,131,-1.96953457006318,0.08959,0.512144409448819
"ICAM2_CXCR3","ICAM2","CXCR3",115,30,2.81654755487057e-06,9.16173093681997e-07,131,-1.96020896600274,0.10662,0.582000902255639
"ICAM2_IL27RA","ICAM2","IL27RA",115,30,2.81654755487057e-06,9.16173093681997e-07,131,-1.94643863593038,0.11252,0.596273868613139
"ICAM2_IL6ST","ICAM2","IL6ST",115,30,2.81654755487057e-06,9.16173093681997e-07,131,-1.90156818503515,0.12522,0.640209295774648
"ICAM2_TNFRSF13B","ICAM2","TNFRSF13B",115,30,2.81654755487057e-06,9.16173093681997e-07,131,-1.88722760777195,0.13859,0.698724583333333
"ICAM2_ADGRE5","ICAM2","ADGRE5",115,30,2.81654755487057e-06,9.16173093681997e-07,131,-1.78205925634673,0.25084,1
"ICAM2_IL6R","ICAM2","IL6R",115,30,2.81654755487057e-06,9.16173093681997e-07,131,-1.75438988485575,0.29738,1
"ICAM2_BSG","ICAM2","BSG",115,30,2.81654755487057e-06,9.16173093681997e-07,131,-1.65801198633538,0.43041,1
"ICAM2_CCR6","ICAM2","CCR6",115,30,2.81654755487057e-06,9.16173093681997e-07,131,-1.61700060925349,0.50479,1
"ICAM2_CD74","ICAM2","CD74",115,30,2.81654755487057e-06,9.16173093681997e-07,131,-1.61614623609778,0.50407,1
"ICAM2_IL10RB","ICAM2","IL10RB",115,30,2.81654755487057e-06,9.16173093681997e-07,131,-1.55923827825957,0.59657,1
"ICAM2_ITGAL","ICAM2","ITGAL",115,30,2.81654755487057e-06,9.16173093681997e-07,131,-1.48800622863102,0.70395,1
"ICAM2_CLEC2D","ICAM2","CLEC2D",115,30,2.81654755487057e-06,9.16173093681997e-07,131,-1.48154320147926,0.71159,1
"IL10_MERTK","IL10","MERTK",406,173,9.94363745458654e-06,5.28326484023285e-06,250,-1.46307923832319,0.33194,1
"F11R_MERTK","F11R","MERTK",105,45,2.57163037618617e-06,1.374259640523e-06,135,-1.4547635022948,0.31062,1
"PPIA_MERTK","PPIA","MERTK",2613,1122,6.39968587902331e-05,3.42648737037067e-05,1105,-1.45200613732681,0.48933,1
"ICAM2_IL10RA","ICAM2","IL10RA",115,30,2.81654755487057e-06,9.16173093681997e-07,131,-1.44717554352379,0.77439,1
"ICAM2_TNFRSF14","ICAM2","TNFRSF14",115,30,2.81654755487057e-06,9.16173093681997e-07,131,-1.36199713555113,0.87355,1
"ICAM2_IL15RA","ICAM2","IL15RA",115,30,2.81654755487057e-06,9.16173093681997e-07,131,-1.31293031574617,0.88359,1
"ICAM2_IL12RB1","ICAM2","IL12RB1",115,30,2.81654755487057e-06,9.16173093681997e-07,131,-1.30721417719903,0.88216,1
"ICAM2_ITGA4","ICAM2","ITGA4",115,30,2.81654755487057e-06,9.16173093681997e-07,131,-1.29807276129299,0.92389,1
"IL10_IFNGR1","IL10","IFNGR1",406,173,9.94363745458654e-06,5.28326484023285e-06,250,-1.26164421429793,0.65272,1
"F11R_IFNGR1","F11R","IFNGR1",105,45,2.57163037618617e-06,1.374259640523e-06,135,-1.25332831964454,0.63459,1
"IL10_CXCR3","IL10","CXCR3",406,173,9.94363745458654e-06,5.28326484023285e-06,250,-1.252319215387,0.65811,1
"PPIA_IFNGR1","PPIA","IFNGR1",2613,1122,6.39968587902331e-05,3.42648737037067e-05,1105,-1.2505711609719,0.9239,1
"F11R_CXCR3","F11R","CXCR3",105,45,2.57163037618617e-06,1.374259640523e-06,135,-1.24400305444259,0.6398,1
"PPIA_CXCR3","PPIA","CXCR3",2613,1122,6.39968587902331e-05,3.42648737037067e-05,1105,-1.24124624178909,0.89816,1
"IL10_IL27RA","IL10","IL27RA",406,173,9.94363745458654e-06,5.28326484023285e-06,250,-1.23854845859338,0.68259,1
"F11R_IL27RA","F11R","IL27RA",105,45,2.57163037618617e-06,1.374259640523e-06,135,-1.23023248971084,0.66538,1
"PPIA_IL27RA","PPIA","IL27RA",2613,1122,6.39968587902331e-05,3.42648737037067e-05,1105,-1.22747542752513,0.9251,1
"ICAM2_CD2","ICAM2","CD2",115,30,2.81654755487057e-06,9.16173093681997e-07,131,-1.20754185493599,0.9479,1
"IL10_IL6ST","IL10","IL6ST",406,173,9.94363745458654e-06,5.28326484023285e-06,250,-1.19367658650119,0.7646,1
"F11R_IL6ST","F11R","IL6ST",105,45,2.57163037618617e-06,1.374259640523e-06,135,-1.18536124558404,0.7504,1
"PPIA_IL6ST","PPIA","IL6ST",2613,1122,6.39968587902331e-05,3.42648737037067e-05,1105,-1.18260336743898,0.9939,1
"IL10_TNFRSF13B","IL10","TNFRSF13B",406,173,9.94363745458654e-06,5.28326484023285e-06,250,-1.17933608372369,0.78066,1
"F11R_TNFRSF13B","F11R","TNFRSF13B",105,45,2.57163037618617e-06,1.374259640523e-06,135,-1.17102071093868,0.76962,1
"PPIA_TNFRSF13B","PPIA","TNFRSF13B",2613,1122,6.39968587902331e-05,3.42648737037067e-05,1105,-1.16826287420985,0.99453,1
"ICAM3_MERTK","ICAM3","MERTK",186,101,4.55545952352979e-06,3.08444941539606e-06,222,-1.11331880354914,0.99752,1
"IL10_ADGRE5","IL10","ADGRE5",406,173,9.94363745458654e-06,5.28326484023285e-06,250,-1.07416778144361,0.89542,1
"F11R_ADGRE5","F11R","ADGRE5",105,45,2.57163037618617e-06,1.374259640523e-06,135,-1.06585239222715,0.88916,1
"PPIA_ADGRE5","PPIA","ADGRE5",2613,1122,6.39968587902331e-05,3.42648737037067e-05,1105,-1.06309457688986,0.99976,1
"IL10_IL6R","IL10","IL6R",406,173,9.94363745458654e-06,5.28326484023285e-06,250,-1.0464992468155,0.90329,1
"F11R_IL6R","F11R","IL6R",105,45,2.57163037618617e-06,1.374259640523e-06,135,-1.03818351478616,0.89738,1
"PPIA_IL6R","PPIA","IL6R",2613,1122,6.39968587902331e-05,3.42648737037067e-05,1105,-1.03542614509884,0.9985,1
"APP_MERTK","APP","MERTK",208,123,5.09427731663547e-06,3.75630968409619e-06,262,-0.990296745705535,0.95218,1
"ICAM2_PLAUR","ICAM2","PLAUR",115,30,2.81654755487057e-06,9.16173093681997e-07,131,-0.950453122417077,0.99679,1
"IL10_BSG","IL10","BSG",406,173,9.94363745458654e-06,5.28326484023285e-06,250,-0.950120324605697,0.97065,1
"F11R_BSG","F11R","BSG",105,45,2.57163037618617e-06,1.374259640523e-06,135,-0.94180501543547,0.96835,1
"PPIA_BSG","PPIA","BSG",2613,1122,6.39968587902331e-05,3.42648737037067e-05,1105,-0.939047096069085,1,1
"ICAM3_IFNGR1","ICAM3","IFNGR1",186,101,4.55545952352979e-06,3.08444941539606e-06,222,-0.911883769687246,0.99996,1
"IL10_CCR6","IL10","CCR6",406,173,9.94363745458654e-06,5.28326484023285e-06,250,-0.909111192916674,0.94853,1
"IL10_CD74","IL10","CD74",406,173,9.94363745458654e-06,5.28326484023285e-06,250,-0.908254488744575,0.98332,1
"ICAM3_CXCR3","ICAM3","CXCR3",186,101,4.55545952352979e-06,3.08444941539606e-06,222,-0.902558736494861,0.99979,1
"F11R_CCR6","F11R","CCR6",105,45,2.57163037618617e-06,1.374259640523e-06,135,-0.900795019118737,0.94557,1
"F11R_CD74","F11R","CD74",105,45,2.57163037618617e-06,1.374259640523e-06,135,-0.899939213430415,0.98165,1
"PPIA_CCR6","PPIA","CCR6",2613,1122,6.39968587902331e-05,3.42648737037067e-05,1105,-0.898038224213335,0.99748,1
"PPIA_CD74","PPIA","CD74",2613,1122,6.39968587902331e-05,3.42648737037067e-05,1105,-0.897181250041617,1,1
"ICAM3_IL27RA","ICAM3","IL27RA",186,101,4.55545952352979e-06,3.08444941539606e-06,222,-0.888788006416393,0.99989,1
"SELPLG_MERTK","SELPLG","MERTK",111,72,2.71858068339681e-06,2.19881542483679e-06,153,-0.856862299934023,0.99024,1
"IL10_IL10RB","IL10","IL10RB",406,173,9.94363745458654e-06,5.28326484023285e-06,250,-0.851347510675405,0.98613,1
"ICAM3_IL6ST","ICAM3","IL6ST",186,101,4.55545952352979e-06,3.08444941539606e-06,222,-0.843916216363796,1,1
"F11R_IL10RB","F11R","IL10RB",105,45,2.57163037618617e-06,1.374259640523e-06,135,-0.843031869918242,0.98457,1
"PPIA_IL10RB","PPIA","IL10RB",2613,1122,6.39968587902331e-05,3.42648737037067e-05,1105,-0.840274381898711,1,1
"ICAM3_TNFRSF13B","ICAM3","TNFRSF13B",186,101,4.55545952352979e-06,3.08444941539606e-06,222,-0.82957570990562,1,1
"APP_IFNGR1","APP","IFNGR1",208,123,5.09427731663547e-06,3.75630968409619e-06,262,-0.788861733946942,0.99682,1
"CCL20_MERTK","CCL20","MERTK",2854,1950,6.9899362796527e-05,5.95512510893298e-05,506,-0.781882915192616,1,1
"IL10_ITGAL","IL10","ITGAL",406,173,9.94363745458654e-06,5.28326484023285e-06,250,-0.780115520865317,0.99395,1
"APP_CXCR3","APP","CXCR3",208,123,5.09427731663547e-06,3.75630968409619e-06,262,-0.779536734880047,0.99353,1
"CD55_MERTK","CD55","MERTK",1814,1242,4.44279762133497e-05,3.79295660784347e-05,912,-0.778880981220449,1,1
"IL10_CLEC2D","IL10","CLEC2D",406,173,9.94363745458654e-06,5.28326484023285e-06,250,-0.773652161823632,0.99429,1
"F11R_ITGAL","F11R","ITGAL",105,45,2.57163037618617e-06,1.374259640523e-06,135,-0.771799875108352,0.99305,1
"PPIA_ITGAL","PPIA","ITGAL",2613,1122,6.39968587902331e-05,3.42648737037067e-05,1105,-0.76904239375174,1,1
"APP_IL27RA","APP","IL27RA",208,123,5.09427731663547e-06,3.75630968409619e-06,262,-0.765765980522381,0.9963,1
"F11R_CLEC2D","F11R","CLEC2D",105,45,2.57163037618617e-06,1.374259640523e-06,135,-0.765336635632857,0.99349,1
"PPIA_CLEC2D","PPIA","CLEC2D",2613,1122,6.39968587902331e-05,3.42648737037067e-05,1105,-0.762578998705354,1,1
"IL10_IL10RA","IL10","IL10RA",406,173,9.94363745458654e-06,5.28326484023285e-06,250,-0.739283898716245,0.99865,1
"F11R_IL10RA","F11R","IL10RA",105,45,2.57163037618617e-06,1.374259640523e-06,135,-0.73096858855536,0.99818,1
"PPIA_IL10RA","PPIA","IL10RA",2613,1122,6.39968587902331e-05,3.42648737037067e-05,1105,-0.728210670526545,1,1
"ICAM3_ADGRE5","ICAM3","ADGRE5",186,101,4.55545952352979e-06,3.08444941539606e-06,222,-0.724407407921263,1,1
"APP_IL6ST","APP","IL6ST",208,123,5.09427731663547e-06,3.75630968409619e-06,262,-0.720894110196197,0.99984,1
"APP_TNFRSF13B","APP","TNFRSF13B",208,123,5.09427731663547e-06,3.75630968409619e-06,262,-0.706553607892685,0.99989,1
"ICAM3_IL6R","ICAM3","IL6R",186,101,4.55545952352979e-06,3.08444941539606e-06,222,-0.696738840969486,1,1
"GAS6_MERTK","GAS6","MERTK",67,49,1.64094509718546e-06,1.49641605301393e-06,102,-0.683750714858796,0.98165,1
"ICAM2_SELL","ICAM2","SELL",115,30,2.81654755487057e-06,9.16173093681997e-07,131,-0.668616213036821,0.99972,1
"SELPLG_IFNGR1","SELPLG","IFNGR1",111,72,2.71858068339681e-06,2.19881542483679e-06,153,-0.655427277824775,0.99947,1
"IL10_TNFRSF14","IL10","TNFRSF14",406,173,9.94363745458654e-06,5.28326484023285e-06,250,-0.654105555369921,0.99976,1
"SELPLG_CXCR3","SELPLG","CXCR3",111,72,2.71858068339681e-06,2.19881542483679e-06,153,-0.64610223453254,0.99906,1
"F11R_TNFRSF14","F11R","TNFRSF14",105,45,2.57163037618617e-06,1.374259640523e-06,135,-0.645790227058991,0.99962,1
"PPIA_TNFRSF14","PPIA","TNFRSF14",2613,1122,6.39968587902331e-05,3.42648737037067e-05,1105,-0.643032332694549,1,1
"SELPLG_IL27RA","SELPLG","IL27RA",111,72,2.71858068339681e-06,2.19881542483679e-06,153,-0.632331515078936,0.99936,1
"TNFSF13B_MERTK","TNFSF13B","MERTK",803,613,1.96668494483571e-05,1.87204702142355e-05,723,-0.621884602183928,1,1
"IL10_IL15RA","IL10","IL15RA",406,173,9.94363745458654e-06,5.28326484023285e-06,250,-0.605040283935394,0.99888,1
"APP_ADGRE5","APP","ADGRE5",208,123,5.09427731663547e-06,3.75630968409619e-06,262,-0.60138530841845,1,1
"ICAM3_BSG","ICAM3","BSG",186,101,4.55545952352979e-06,3.08444941539606e-06,222,-0.600359960383237,1,1
"IL10_IL12RB1","IL10","IL12RB1",406,173,9.94363745458654e-06,5.28326484023285e-06,250,-0.599324570068803,0.99868,1
"F11R_IL15RA","F11R","IL15RA",105,45,2.57163037618617e-06,1.374259640523e-06,135,-0.596724479415277,0.99868,1
"PPIA_IL15RA","PPIA","IL15RA",2613,1122,6.39968587902331e-05,3.42648737037067e-05,1105,-0.593967205436612,1,1
"F11R_IL12RB1","F11R","IL12RB1",105,45,2.57163037618617e-06,1.374259640523e-06,135,-0.591008637989411,0.99844,1
"IL10_ITGA4","IL10","ITGA4",406,173,9.94363745458654e-06,5.28326484023285e-06,250,-0.590181200671863,0.9999,1
"PPIA_IL12RB1","PPIA","IL12RB1",2613,1122,6.39968587902331e-05,3.42648737037067e-05,1105,-0.588251530223831,1,1
"SELPLG_IL6ST","SELPLG","IL6ST",111,72,2.71858068339681e-06,2.19881542483679e-06,153,-0.587459750853898,0.99998,1
"F11R_ITGA4","F11R","ITGA4",105,45,2.57163037618617e-06,1.374259640523e-06,135,-0.581865869946338,0.99991,1
"CCL20_IFNGR1","CCL20","IFNGR1",2854,1950,6.9899362796527e-05,5.95512510893298e-05,506,-0.580447945894645,1,1
"PPIA_ITGA4","PPIA","ITGA4",2613,1122,6.39968587902331e-05,3.42648737037067e-05,1105,-0.579107978767682,1,1
"CD55_IFNGR1","CD55","IFNGR1",1814,1242,4.44279762133497e-05,3.79295660784347e-05,912,-0.577446011073014,1,1
"APP_IL6R","APP","IL6R",208,123,5.09427731663547e-06,3.75630968409619e-06,262,-0.573716787379262,0.99999,1
"SELPLG_TNFRSF13B","SELPLG","TNFRSF13B",111,72,2.71858068339681e-06,2.19881542483679e-06,153,-0.573119243895318,0.99997,1
"CCL20_CXCR3","CCL20","CXCR3",2854,1950,6.9899362796527e-05,5.95512510893298e-05,506,-0.571123036535901,1,1
"CD55_CXCR3","CD55","CXCR3",1814,1242,4.44279762133497e-05,3.79295660784347e-05,912,-0.568121099117741,1,1
"ICAM3_CCR6","ICAM3","CCR6",186,101,4.55545952352979e-06,3.08444941539606e-06,222,-0.559350774680068,0.99997,1
"ICAM3_CD74","ICAM3","CD74",186,101,4.55545952352979e-06,3.08444941539606e-06,222,-0.558494127106693,1,1
"CCL20_IL27RA","CCL20","IL27RA",2854,1950,6.9899362796527e-05,5.95512510893298e-05,506,-0.557352215412857,1,1
"CD55_IL27RA","CD55","IL27RA",1814,1242,4.44279762133497e-05,3.79295660784347e-05,912,-0.554350279998512,1,1
"KLRB1_MERTK","KLRB1","MERTK",111,89,2.71858068339681e-06,2.71798017792326e-06,105,-0.551053989384586,1,1
"ITGB1_MERTK","ITGB1","MERTK",547,449,1.33969696740365e-05,1.37120573021072e-05,575,-0.517197071936237,1,1
"LGALS3_MERTK","LGALS3","MERTK",1287,1058,3.1520840896682e-05,3.23103711038518e-05,896,-0.515044127356704,1,1
"CCL20_IL6ST","CCL20","IL6ST",2854,1950,6.9899362796527e-05,5.95512510893298e-05,506,-0.512480132295991,1,1
"CD55_IL6ST","CD55","IL6ST",1814,1242,4.44279762133497e-05,3.79295660784347e-05,912,-0.50947820308363,1,1
"ICAM3_IL10RB","ICAM3","IL10RB",186,101,4.55545952352979e-06,3.08444941539606e-06,222,-0.501587132485039,1,1
"IL10_CD2","IL10","CD2",406,173,9.94363745458654e-06,5.28326484023285e-06,250,-0.499650646548835,0.99986,1
"CCL20_TNFRSF13B","CCL20","TNFRSF13B",2854,1950,6.9899362796527e-05,5.95512510893298e-05,506,-0.498139640290565,1,1
"CD55_TNFRSF13B","CD55","TNFRSF13B",1814,1242,4.44279762133497e-05,3.79295660784347e-05,912,-0.495137710795263,1,1
"F11R_CD2","F11R","CD2",105,45,2.57163037618617e-06,1.374259640523e-06,135,-0.491335225378663,0.99976,1
"PPIA_CD2","PPIA","CD2",2613,1122,6.39968587902331e-05,3.42648737037067e-05,1105,-0.488577452226987,1,1
"GAS6_IFNGR1","GAS6","IFNGR1",67,49,1.64094509718546e-06,1.49641605301393e-06,102,-0.482315711381999,0.99796,1
"APP_BSG","APP","BSG",208,123,5.09427731663547e-06,3.75630968409619e-06,262,-0.477337850453846,1,1
"GAS6_CXCR3","GAS6","CXCR3",67,49,1.64094509718546e-06,1.49641605301393e-06,102,-0.472990650949313,0.997,1
"SELPLG_ADGRE5","SELPLG","ADGRE5",111,72,2.71858068339681e-06,2.19881542483679e-06,153,-0.467950945335453,1,1
"GAS6_IL27RA","GAS6","IL27RA",67,49,1.64094509718546e-06,1.49641605301393e-06,102,-0.459219949280338,0.99782,1
"B2M_MERTK","B2M","MERTK",41570,35581,0.00101812071179104,0.00108661182820997,1676,-0.456807403639709,1,1
"SELPLG_IL6R","SELPLG","IL6R",111,72,2.71858068339681e-06,2.19881542483679e-06,153,-0.440282385206515,1,1
"APP_CCR6","APP","CCR6",208,123,5.09427731663547e-06,3.75630968409619e-06,262,-0.436328785164021,0.99988,1
"APP_CD74","APP","CD74",208,123,5.09427731663547e-06,3.75630968409619e-06,262,-0.435472012541064,1,1
"ICAM3_ITGAL","ICAM3","ITGAL",186,101,4.55545952352979e-06,3.08444941539606e-06,222,-0.430355151928478,1,1
"ICAM3_CLEC2D","ICAM3","CLEC2D",186,101,4.55545952352979e-06,3.08444941539606e-06,222,-0.423891795988791,1,1
"TNFSF13B_IFNGR1","TNFSF13B","IFNGR1",803,613,1.96668494483571e-05,1.87204702142355e-05,723,-0.420449632940685,1,1
"GAS6_IL6ST","GAS6","IL6ST",67,49,1.64094509718546e-06,1.49641605301393e-06,102,-0.414348228738735,0.99954,1
"TNFSF13B_CXCR3","TNFSF13B","CXCR3",803,613,1.96668494483571e-05,1.87204702142355e-05,723,-0.41112471723258,1,1
"GAS6_TNFRSF13B","GAS6","TNFRSF13B",67,49,1.64094509718546e-06,1.49641605301393e-06,102,-0.400007720878581,0.99966,1
"TNFSF13B_IL27RA","TNFSF13B","IL27RA",803,613,1.96668494483571e-05,1.87204702142355e-05,723,-0.397353901410302,1,1
"CCL20_ADGRE5","CCL20","ADGRE5",2854,1950,6.9899362796527e-05,5.95512510893298e-05,506,-0.392971343851241,1,1
"CD55_ADGRE5","CD55","ADGRE5",1814,1242,4.44279762133497e-05,3.79295660784347e-05,912,-0.38996941435455,1,1
"ICAM3_IL10RA","ICAM3","IL10RA",186,101,4.55545952352979e-06,3.08444941539606e-06,222,-0.389523537362764,1,1
"APP_IL10RB","APP","IL10RB",208,123,5.09427731663547e-06,3.75630968409619e-06,262,-0.378565069866096,1,1
"TNFSF13_MERTK","TNFSF13","MERTK",184,167,4.50647608779291e-06,5.10003022149645e-06,266,-0.372229316489389,0.99993,1
"CCL20_IL6R","CCL20","IL6R",2854,1950,6.9899362796527e-05,5.95512510893298e-05,506,-0.365302926051668,1,1
"CD55_IL6R","CD55","IL6R",1814,1242,4.44279762133497e-05,3.79295660784347e-05,912,-0.362300993990231,1,1
"TNFSF13B_IL6ST","TNFSF13B","IL6ST",803,613,1.96668494483571e-05,1.87204702142355e-05,723,-0.352481833700491,1,1
"KLRB1_IFNGR1","KLRB1","IFNGR1",111,89,2.71858068339681e-06,2.71798017792326e-06,105,-0.34961902267091,1,1
"SELPLG_BSG","SELPLG","BSG",111,72,2.71858068339681e-06,2.19881542483679e-06,153,-0.343903499146209,1,1
"KLRB1_CXCR3","KLRB1","CXCR3",111,89,2.71858068339681e-06,2.71798017792326e-06,105,-0.340294054674845,1,1
"TNFSF13B_TNFRSF13B","TNFSF13B","TNFRSF13B",803,613,1.96668494483571e-05,1.87204702142355e-05,723,-0.338141341088161,1,1
"KLRB1_IL27RA","KLRB1","IL27RA",111,89,2.71858068339681e-06,2.71798017792326e-06,105,-0.326523282895984,1,1
"ITGB1_IFNGR1","ITGB1","IFNGR1",547,449,1.33969696740365e-05,1.37120573021072e-05,575,-0.315762105496652,1,1
"LGALS3_IFNGR1","LGALS3","IFNGR1",1287,1058,3.1520840896682e-05,3.23103711038518e-05,896,-0.313609160190124,1,1
"APP_ITGAL","APP","ITGAL",208,123,5.09427731663547e-06,3.75630968409619e-06,262,-0.30733309161036,1,1
"ITGB1_CXCR3","ITGB1","CXCR3",547,449,1.33969696740365e-05,1.37120573021072e-05,575,-0.306437189416003,1,1
"ICAM3_TNFRSF14","ICAM3","TNFRSF14",186,101,4.55545952352979e-06,3.08444941539606e-06,222,-0.304345196455238,1,1
"LGALS3_CXCR3","LGALS3","CXCR3",1287,1058,3.1520840896682e-05,3.23103711038518e-05,896,-0.304284250666297,1,1
"SELPLG_CCR6","SELPLG","CCR6",111,72,2.71858068339681e-06,2.19881542483679e-06,153,-0.302894376837521,0.99997,1
"SELPLG_CD74","SELPLG","CD74",111,72,2.71858068339681e-06,2.19881542483679e-06,153,-0.302037664175641,1,1
"APP_CLEC2D","APP","CLEC2D",208,123,5.09427731663547e-06,3.75630968409619e-06,262,-0.300869718286592,1,1
"GAS6_ADGRE5","GAS6","ADGRE5",67,49,1.64094509718546e-06,1.49641605301393e-06,102,-0.294839427831334,0.99993,1
"ITGB1_IL27RA","ITGB1","IL27RA",547,449,1.33969696740365e-05,1.37120573021072e-05,575,-0.292666374431196,1,1
"LGALS3_IL27RA","LGALS3","IL27RA",1287,1058,3.1520840896682e-05,3.23103711038518e-05,896,-0.290513430081483,1,1
"KLRB1_IL6ST","KLRB1","IL6ST",111,89,2.71858068339681e-06,2.71798017792326e-06,105,-0.281651342300852,1,1
"EBI3_MERTK","EBI3","MERTK",74,72,1.81238712226454e-06,2.19881542483679e-06,108,-0.271899971171594,0.99909,1
"CCL20_BSG","CCL20","BSG",2854,1950,6.9899362796527e-05,5.95512510893298e-05,506,-0.268923859962979,1,1
"KLRB1_TNFRSF13B","KLRB1","TNFRSF13B",111,89,2.71858068339681e-06,2.71798017792326e-06,105,-0.267310844773435,1,1
"GAS6_IL6R","GAS6","IL6R",67,49,1.64094509718546e-06,1.49641605301393e-06,102,-0.267170877816527,0.99992,1
"APP_IL10RA","APP","IL10RA",208,123,5.09427731663547e-06,3.75630968409619e-06,262,-0.266501428062944,1,1
"CD55_BSG","CD55","BSG",1814,1242,4.44279762133497e-05,3.79295660784347e-05,912,-0.26592193118059,1,1
"B2M_IFNGR1","B2M","IFNGR1",41570,35581,0.00101812071179104,0.00108661182820997,1676,-0.255372435926879,1,1
"ICAM3_IL15RA","ICAM3","IL15RA",186,101,4.55545952352979e-06,3.08444941539606e-06,222,-0.255279958931973,1,1
"ICAM3_IL12RB1","ICAM3","IL12RB1",186,101,4.55545952352979e-06,3.08444941539606e-06,222,-0.2495642561768,1,1
"ITGB1_IL6ST","ITGB1","IL6ST",547,449,1.33969696740365e-05,1.37120573021072e-05,575,-0.247794307942181,1,1
"B2M_CXCR3","B2M","CXCR3",41570,35581,0.00101812071179104,0.00108661182820997,1676,-0.246047531065068,1,1
"LGALS3_IL6ST","LGALS3","IL6ST",1287,1058,3.1520840896682e-05,3.23103711038518e-05,896,-0.245641347606155,1,1
"SELPLG_IL10RB","SELPLG","IL10RB",111,72,2.71858068339681e-06,2.19881542483679e-06,153,-0.245130706886309,1,1
"IL10_PLAUR","IL10","PLAUR",406,173,9.94363745458654e-06,5.28326484023285e-06,250,-0.242562244604241,1,1
"ICAM3_ITGA4","ICAM3","ITGA4",186,101,4.55545952352979e-06,3.08444941539606e-06,222,-0.240420844320711,1,1
"F11R_PLAUR","F11R","PLAUR",105,45,2.57163037618617e-06,1.374259640523e-06,135,-0.23424683399139,1,1
"ITGB1_TNFRSF13B","ITGB1","TNFRSF13B",547,449,1.33969696740365e-05,1.37120573021072e-05,575,-0.233453815405869,1,1
"TNFSF13B_ADGRE5","TNFSF13B","ADGRE5",803,613,1.96668494483571e-05,1.87204702142355e-05,723,-0.232973045131091,1,1
"B2M_IL27RA","B2M","IL27RA",41570,35581,0.00101812071179104,0.00108661182820997,1676,-0.232276706493035,1,1
"PPIA_PLAUR","PPIA","PLAUR",2613,1122,6.39968587902331e-05,3.42648737037067e-05,1105,-0.231489048337365,1,1
"LGALS3_TNFRSF13B","LGALS3","TNFRSF13B",1287,1058,3.1520840896682e-05,3.23103711038518e-05,896,-0.231300855669851,1,1
"CCL20_CCR6","CCL20","CCR6",2854,1950,6.9899362796527e-05,5.95512510893298e-05,506,-0.227915026527742,1,1
"CCL20_CD74","CCL20","CD74",2854,1950,6.9899362796527e-05,5.95512510893298e-05,506,-0.227058012484543,1,1
"CD55_CCR6","CD55","CCR6",1814,1242,4.44279762133497e-05,3.79295660784347e-05,912,-0.224913093088974,1,1
"CD55_CD74","CD55","CD74",1814,1242,4.44279762133497e-05,3.79295660784347e-05,912,-0.224056083915414,1,1
"TNFSF13B_IL6R","TNFSF13B","IL6R",803,613,1.96668494483571e-05,1.87204702142355e-05,723,-0.205304623438512,1,1
"B2M_IL6ST","B2M","IL6ST",41570,35581,0.00101812071179104,0.00108661182820997,1676,-0.187404612647834,1,1
"APP_TNFRSF14","APP","TNFRSF14",208,123,5.09427731663547e-06,3.75630968409619e-06,262,-0.181323090282357,1,1
"SELPLG_ITGAL","SELPLG","ITGAL",111,72,2.71858068339681e-06,2.19881542483679e-06,153,-0.173898742755639,1,1
"B2M_TNFRSF13B","B2M","TNFRSF13B",41570,35581,0.00101812071179104,0.00108661182820997,1676,-0.173064121136978,1,1
"TNFSF13_IFNGR1","TNFSF13","IFNGR1",184,167,4.50647608779291e-06,5.10003022149645e-06,266,-0.170794365862307,1,1
"GAS6_BSG","GAS6","BSG",67,49,1.64094509718546e-06,1.49641605301393e-06,102,-0.170791984055782,1,1
"CCL20_IL10RB","CCL20","IL10RB",2854,1950,6.9899362796527e-05,5.95512510893298e-05,506,-0.170151161294994,1,1
"SELPLG_CLEC2D","SELPLG","CLEC2D",111,72,2.71858068339681e-06,2.19881542483679e-06,153,-0.167435370717287,1,1
"CD55_IL10RB","CD55","IL10RB",1814,1242,4.44279762133497e-05,3.79295660784347e-05,912,-0.167149231171314,1,1
"KLRB1_ADGRE5","KLRB1","ADGRE5",111,89,2.71858068339681e-06,2.71798017792326e-06,105,-0.162142553261352,1,1
"TNFSF13_CXCR3","TNFSF13","CXCR3",184,167,4.50647608779291e-06,5.10003022149645e-06,266,-0.161469445387006,0.99999,1
"ICAM3_CD2","ICAM3","CD2",186,101,4.55545952352979e-06,3.08444941539606e-06,222,-0.149890308516988,1,1
"TNFSF13_IL27RA","TNFSF13","IL27RA",184,167,4.50647608779291e-06,5.10003022149645e-06,266,-0.147698637036529,1,1
"KLRB1_IL6R","KLRB1","IL6R",111,89,2.71858068339681e-06,2.71798017792326e-06,105,-0.134474101828659,1,1
"SELPLG_IL10RA","SELPLG","IL10RA",111,72,2.71858068339681e-06,2.19881542483679e-06,153,-0.13306708111875,1,1
"APP_IL15RA","APP","IL15RA",208,123,5.09427731663547e-06,3.75630968409619e-06,262,-0.132257929756927,1,1
"GAS6_CCR6","GAS6","CCR6",67,49,1.64094509718546e-06,1.49641605301393e-06,102,-0.129782962226326,0.99994,1
"GAS6_CD74","GAS6","CD74",67,49,1.64094509718546e-06,1.49641605301393e-06,102,-0.128926146430341,1,1
"ITGB1_ADGRE5","ITGB1","ADGRE5",547,449,1.33969696740365e-05,1.37120573021072e-05,575,-0.128285520115026,1,1
"APP_IL12RB1","APP","IL12RB1",208,123,5.09427731663547e-06,3.75630968409619e-06,262,-0.126542247966849,1,1
"LGALS3_ADGRE5","LGALS3","ADGRE5",1287,1058,3.1520840896682e-05,3.23103711038518e-05,896,-0.126132559728265,1,1
"APP_ITGA4","APP","ITGA4",208,123,5.09427731663547e-06,3.75630968409619e-06,262,-0.117398738939394,1,1
"OSM_MERTK","OSM","MERTK",406,440,9.94363745458654e-06,1.34372053740026e-05,345,-0.116347909739562,1,1
"TNFSF13B_BSG","TNFSF13B","BSG",803,613,1.96668494483571e-05,1.87204702142355e-05,723,-0.108925562787096,1,1
"TNFSF13_IL6ST","TNFSF13","IL6ST",184,167,4.50647608779291e-06,5.10003022149645e-06,266,-0.102826582995883,1,1
"ITGB1_IL6R","ITGB1","IL6R",547,449,1.33969696740365e-05,1.37120573021072e-05,575,-0.100617101318519,1,1
"CCL20_ITGAL","CCL20","ITGAL",2854,1950,6.9899362796527e-05,5.95512510893298e-05,506,-0.0989191744591699,1,1
"LGALS3_IL6R","LGALS3","IL6R",1287,1058,3.1520840896682e-05,3.23103711038518e-05,896,-0.0984641442039042,1,1
"CD55_ITGAL","CD55","ITGAL",1814,1242,4.44279762133497e-05,3.79295660784347e-05,912,-0.0959172449387217,1,1
"CCL20_CLEC2D","CCL20","CLEC2D",2854,1950,6.9899362796527e-05,5.95512510893298e-05,506,-0.0924557736025692,1,1
"CD55_CLEC2D","CD55","CLEC2D",1814,1242,4.44279762133497e-05,3.79295660784347e-05,912,-0.0894538444383274,1,1
"TNFSF13_TNFRSF13B","TNFSF13","TNFRSF13B",184,167,4.50647608779291e-06,5.10003022149645e-06,266,-0.0884860906682919,1,1
"GAS6_IL10RB","GAS6","IL10RB",67,49,1.64094509718546e-06,1.49641605301393e-06,102,-0.0720192487149767,1,1
"EBI3_IFNGR1","EBI3","IFNGR1",74,72,1.81238712226454e-06,2.19881542483679e-06,108,-0.0704650668913974,0.99995,1
"CD93_MERTK","CD93","MERTK",570,638,1.39602791850107e-05,1.94839477923038e-05,576,-0.0697772059444947,1,1
"TNFSF13B_CCR6","TNFSF13B","CCR6",803,613,1.96668494483571e-05,1.87204702142355e-05,723,-0.0679167295062765,1,1
"B2M_ADGRE5","B2M","ADGRE5",41570,35581,0.00101812071179104,0.00108661182820997,1676,-0.067895824726017,1,1
"TNFSF13B_CD74","TNFSF13B","CD74",803,613,1.96668494483571e-05,1.87204702142355e-05,723,-0.0670597154728332,1,1
"EBI3_CXCR3","EBI3","CXCR3",74,72,1.81238712226454e-06,2.19881542483679e-06,108,-0.0611401514252587,0.99995,1
"CCL20_IL10RA","CCL20","IL10RA",2854,1950,6.9899362796527e-05,5.95512510893298e-05,506,-0.058087434798109,1,1
"CD55_IL10RA","CD55","IL10RA",1814,1242,4.44279762133497e-05,3.79295660784347e-05,912,-0.0550855062034574,1,1
"SELPLG_TNFRSF14","SELPLG","TNFRSF14",111,72,2.71858068339681e-06,2.19881542483679e-06,153,-0.0478887475397941,1,1
"EBI3_IL27RA","EBI3","IL27RA",74,72,1.81238712226454e-06,2.19881542483679e-06,108,-0.0473693476137007,0.99991,1
"B2M_IL6R","B2M","IL6R",41570,35581,0.00101812071179104,0.00108661182820997,1676,-0.0402274114954706,1,1
"KLRB1_BSG","KLRB1","BSG",111,89,2.71858068339681e-06,2.71798017792326e-06,105,-0.0380950834372524,1,1
"APP_CD2","APP","CD2",208,123,5.09427731663547e-06,3.75630968409619e-06,262,-0.0268682197520326,1,1
"TNFSF13B_IL10RB","TNFSF13B","IL10RB",803,613,1.96668494483571e-05,1.87204702142355e-05,723,-0.0101528666240897,1,1
"ITGB1_BSG","ITGB1","BSG",547,449,1.33969696740365e-05,1.37120573021072e-05,575,-0.00423803759572957,1,1
"EBI3_IL6ST","EBI3","IL6ST",74,72,1.81238712226454e-06,2.19881542483679e-06,108,-0.00249728666596849,1,1
"LGALS3_BSG","LGALS3","BSG",1287,1058,3.1520840896682e-05,3.23103711038518e-05,896,-0.00208507567790755,1,1
"GAS6_ITGAL","GAS6","ITGAL",67,49,1.64094509718546e-06,1.49641605301393e-06,102,-0.000787311232942806,1,1
"SELPLG_IL15RA","SELPLG","IL15RA",111,72,2.71858068339681e-06,2.19881542483679e-06,153,0.00117634819375761,1,1
"KLRB1_CCR6","KLRB1","CCR6",111,89,2.71858068339681e-06,2.71798017792326e-06,105,0.00291373731856002,1,1
"KLRB1_CD74","KLRB1","CD74",111,89,2.71858068339681e-06,2.71798017792326e-06,105,0.00377076287343494,1,1
"GAS6_CLEC2D","GAS6","CLEC2D",67,49,1.64094509718546e-06,1.49641605301393e-06,102,0.00567608660180084,1,1
"SELPLG_IL12RB1","SELPLG","IL12RB1",111,72,2.71858068339681e-06,2.19881542483679e-06,153,0.00689200956426024,1,1
"EBI3_TNFRSF13B","EBI3","TNFRSF13B",74,72,1.81238712226454e-06,2.19881542483679e-06,108,0.0118432033336904,1,1
"SELPLG_ITGA4","SELPLG","ITGA4",111,72,2.71858068339681e-06,2.19881542483679e-06,153,0.0160355998607699,1,1
"TNFSF13_ADGRE5","TNFSF13","ADGRE5",184,167,4.50647608779291e-06,5.10003022149645e-06,266,0.0166822006953624,1,1
"CCL20_TNFRSF14","CCL20","TNFRSF14",2854,1950,6.9899362796527e-05,5.95512510893298e-05,506,0.027090901820665,1,1
"CD55_TNFRSF14","CD55","TNFRSF14",1814,1242,4.44279762133497e-05,3.79295660784347e-05,912,0.0300928302777117,1,1
"ITGB1_CCR6","ITGB1","CCR6",547,449,1.33969696740365e-05,1.37120573021072e-05,575,0.0367707805164769,1,1
"ITGB1_CD74","ITGB1","CD74",547,449,1.33969696740365e-05,1.37120573021072e-05,575,0.0376278101782615,1,1
"LGALS3_CCR6","LGALS3","CCR6",1287,1058,3.1520840896682e-05,3.23103711038518e-05,896,0.0389237462232343,1,1
"IL10_SELL","IL10","SELL",406,173,9.94363745458654e-06,5.28326484023285e-06,250,0.0392742000495934,1,1
"LGALS3_CD74","LGALS3","CD74",1287,1058,3.1520840896682e-05,3.23103711038518e-05,896,0.0397807721532478,1,1
"GAS6_IL10RA","GAS6","IL10RA",67,49,1.64094509718546e-06,1.49641605301393e-06,102,0.0400444258697476,1,1
"TNFSF13_IL6R","TNFSF13","IL6R",184,167,4.50647608779291e-06,5.10003022149645e-06,266,0.0443506045864532,1,1
"F11R_SELL","F11R","SELL",105,45,2.57163037618617e-06,1.374259640523e-06,135,0.0475894049893169,1,1
"PPIA_SELL","PPIA","SELL",2613,1122,6.39968587902331e-05,3.42648737037067e-05,1105,0.0503474546990909,1,1
"B2M_BSG","B2M","BSG",41570,35581,0.00101812071179104,0.00108661182820997,1676,0.0561516604101653,1,1
"KLRB1_IL10RB","KLRB1","IL10RB",111,89,2.71858068339681e-06,2.71798017792326e-06,105,0.0606775864560584,1,1
"TNFSF13B_ITGAL","TNFSF13B","ITGAL",803,613,1.96668494483571e-05,1.87204702142355e-05,723,0.0610791167430809,1,1
"TNFSF13B_CLEC2D","TNFSF13B","CLEC2D",803,613,1.96668494483571e-05,1.87204702142355e-05,723,0.0675425192042868,1,1
"CCL20_IL15RA","CCL20","IL15RA",2854,1950,6.9899362796527e-05,5.95512510893298e-05,506,0.0761560006707251,1,1
"CD55_IL15RA","CD55","IL15RA",1814,1242,4.44279762133497e-05,3.79295660784347e-05,912,0.0791579274986781,1,1
"CCL20_IL12RB1","CCL20","IL12RB1",2854,1950,6.9899362796527e-05,5.95512510893298e-05,506,0.0818716680432042,1,1
"CD55_IL12RB1","CD55","IL12RB1",1814,1242,4.44279762133497e-05,3.79295660784347e-05,912,0.0848735943011992,1,1
"OSM_IFNGR1","OSM","IFNGR1",406,440,9.94363745458654e-06,1.34372053740026e-05,345,0.0850870410434952,1,1
"CCL20_ITGA4","CCL20","ITGA4",2854,1950,6.9899362796527e-05,5.95512510893298e-05,506,0.091015255331234,1,1
"CD55_ITGA4","CD55","ITGA4",1814,1242,4.44279762133497e-05,3.79295660784347e-05,912,0.0940171836224732,1,1
"OSM_CXCR3","OSM","CXCR3",406,440,9.94363745458654e-06,1.34372053740026e-05,345,0.094411940400277,1,1
"ITGB1_IL10RB","ITGB1","IL10RB",547,449,1.33969696740365e-05,1.37120573021072e-05,575,0.0945346508215015,1,1
"LGALS3_IL10RB","LGALS3","IL10RB",1287,1058,3.1520840896682e-05,3.23103711038518e-05,896,0.0966876171454407,1,1
"B2M_CCR6","B2M","CCR6",41570,35581,0.00101812071179104,0.00108661182820997,1676,0.0971604851641551,1,1
"B2M_CD74","B2M","CD74",41570,35581,0.00101812071179104,0.00108661182820997,1676,0.0980175082770471,1,1
"TNFSF13B_IL10RA","TNFSF13B","IL10RA",803,613,1.96668494483571e-05,1.87204702142355e-05,723,0.101910861315117,1,1
"SELPLG_CD2","SELPLG","CD2",111,72,2.71858068339681e-06,2.19881542483679e-06,153,0.106566088792842,1,1
"ICAM3_PLAUR","ICAM3","PLAUR",186,101,4.55545952352979e-06,3.08444941539606e-06,222,0.107198019648559,1,1
"OSM_IL27RA","OSM","IL27RA",406,440,9.94363745458654e-06,1.34372053740026e-05,345,0.108182766376654,1,1
"EBI3_ADGRE5","EBI3","ADGRE5",74,72,1.81238712226454e-06,2.19881542483679e-06,108,0.117011484510315,0.99995,1
"GAS6_TNFRSF14","GAS6","TNFRSF14",67,49,1.64094509718546e-06,1.49641605301393e-06,102,0.125222747603769,1,1
"CD93_IFNGR1","CD93","IFNGR1",570,638,1.39602791850107e-05,1.94839477923038e-05,576,0.131657748648054,1,1
"KLRB1_ITGAL","KLRB1","ITGAL",111,89,2.71858068339681e-06,2.71798017792326e-06,105,0.131909539314421,1,1
"KLRB1_CLEC2D","KLRB1","CLEC2D",111,89,2.71858068339681e-06,2.71798017792326e-06,105,0.138372957403784,1,1
"TNFSF13_BSG","TNFSF13","BSG",184,167,4.50647608779291e-06,5.10003022149645e-06,266,0.140729683643652,1,1
"CD93_CXCR3","CD93","CXCR3",570,638,1.39602791850107e-05,1.94839477923038e-05,576,0.140982648096177,1,1
"EBI3_IL6R","EBI3","IL6R",74,72,1.81238712226454e-06,2.19881542483679e-06,108,0.144679833572213,0.99981,1
"OSM_IL6ST","OSM","IL6ST",406,440,9.94363745458654e-06,1.34372053740026e-05,345,0.15305487165954,1,1
"CD93_IL27RA","CD93","IL27RA",570,638,1.39602791850107e-05,1.94839477923038e-05,576,0.154753474712588,1,1
"B2M_IL10RB","B2M","IL10RB",41570,35581,0.00101812071179104,0.00108661182820997,1676,0.154924356445964,1,1
"ITGB1_ITGAL","ITGB1","ITGAL",547,449,1.33969696740365e-05,1.37120573021072e-05,575,0.16576663136649,1,1
"OSM_TNFRSF13B","OSM","TNFRSF13B",406,440,9.94363745458654e-06,1.34372053740026e-05,345,0.167395361967477,1,1
"LGALS3_ITGAL","LGALS3","ITGAL",1287,1058,3.1520840896682e-05,3.23103711038518e-05,896,0.167919601899373,1,1
"ITGB1_CLEC2D","ITGB1","CLEC2D",547,449,1.33969696740365e-05,1.37120573021072e-05,575,0.172230037173764,1,1
"KLRB1_IL10RA","KLRB1","IL10RA",111,89,2.71858068339681e-06,2.71798017792326e-06,105,0.172741331325268,1,1
"GAS6_IL15RA","GAS6","IL15RA",67,49,1.64094509718546e-06,1.49641605301393e-06,102,0.174287614517752,0.99995,1
"LGALS3_CLEC2D","LGALS3","CLEC2D",1287,1058,3.1520840896682e-05,3.23103711038518e-05,896,0.174383005271044,1,1
"GAS6_IL12RB1","GAS6","IL12RB1",67,49,1.64094509718546e-06,1.49641605301393e-06,102,0.180003209069888,0.99991,1
"CCL20_CD2","CCL20","CD2",2854,1950,6.9899362796527e-05,5.95512510893298e-05,506,0.181545775124267,1,1
"TNFSF13_CCR6","TNFSF13","CCR6",184,167,4.50647608779291e-06,5.10003022149645e-06,266,0.18173841625683,0.99994,1
"TNFSF13_CD74","TNFSF13","CD74",184,167,4.50647608779291e-06,5.10003022149645e-06,266,0.182595533947874,1,1
"CD55_CD2","CD55","CD2",1814,1242,4.44279762133497e-05,3.79295660784347e-05,912,0.184547702323584,1,1
"TNFSF13B_TNFRSF14","TNFSF13B","TNFRSF14",803,613,1.96668494483571e-05,1.87204702142355e-05,723,0.187089196635515,1,1
"GAS6_ITGA4","GAS6","ITGA4",67,49,1.64094509718546e-06,1.49641605301393e-06,102,0.189147087326887,1,1
"CD93_IL6ST","CD93","IL6ST",570,638,1.39602791850107e-05,1.94839477923038e-05,576,0.199625580204868,1,1
"ITGB1_IL10RA","ITGB1","IL10RA",547,449,1.33969696740365e-05,1.37120573021072e-05,575,0.206598385651297,1,1
"LGALS3_IL10RA","LGALS3","IL10RA",1287,1058,3.1520840896682e-05,3.23103711038518e-05,896,0.208751348856317,1,1
"CD93_TNFRSF13B","CD93","TNFRSF13B",570,638,1.39602791850107e-05,1.94839477923038e-05,576,0.213966070673416,1,1
"B2M_ITGAL","B2M","ITGAL",41570,35581,0.00101812071179104,0.00108661182820997,1676,0.226156344219969,1,1
"APP_PLAUR","APP","PLAUR",208,123,5.09427731663547e-06,3.75630968409619e-06,262,0.230220097619157,1,1
"B2M_CLEC2D","B2M","CLEC2D",41570,35581,0.00101812071179104,0.00108661182820997,1676,0.232619745825809,1,1
"TNFSF13B_IL15RA","TNFSF13B","IL15RA",803,613,1.96668494483571e-05,1.87204702142355e-05,723,0.236154272322699,1,1
"TNFSF13_IL10RB","TNFSF13","IL10RB",184,167,4.50647608779291e-06,5.10003022149645e-06,266,0.239502327523851,1,1
"EBI3_BSG","EBI3","BSG",74,72,1.81238712226454e-06,2.19881542483679e-06,108,0.241058973081779,0.99969,1
"TNFSF13B_IL12RB1","TNFSF13B","IL12RB1",803,613,1.96668494483571e-05,1.87204702142355e-05,723,0.241869932755567,1,1
"TNFSF13B_ITGA4","TNFSF13B","ITGA4",803,613,1.96668494483571e-05,1.87204702142355e-05,723,0.251013549161655,1,1
"KLRB1_TNFRSF14","KLRB1","TNFRSF14",111,89,2.71858068339681e-06,2.71798017792326e-06,105,0.257919655015398,1,1
"B2M_IL10RA","B2M","IL10RA",41570,35581,0.00101812071179104,0.00108661182820997,1676,0.266988085867917,1,1
"OSM_ADGRE5","OSM","ADGRE5",406,440,9.94363745458654e-06,1.34372053740026e-05,345,0.272563654929212,1,1
"GAS6_CD2","GAS6","CD2",67,49,1.64094509718546e-06,1.49641605301393e-06,102,0.27967750042996,0.9997,1
"EBI3_CCR6","EBI3","CCR6",74,72,1.81238712226454e-06,2.19881542483679e-06,108,0.282067454695429,0.99552,1
"EBI3_CD74","EBI3","CD74",74,72,1.81238712226454e-06,2.19881542483679e-06,108,0.282924831290602,0.99949,1
"ITGB1_TNFRSF14","ITGB1","TNFRSF14",547,449,1.33969696740365e-05,1.37120573021072e-05,575,0.291776719632014,1,1
"LGALS3_TNFRSF14","LGALS3","TNFRSF14",1287,1058,3.1520840896682e-05,3.23103711038518e-05,896,0.293929684480338,1,1
"OSM_IL6R","OSM","IL6R",406,440,9.94363745458654e-06,1.34372053740026e-05,345,0.300232045842756,0.99998,1
"KLRB1_IL15RA","KLRB1","IL15RA",111,89,2.71858068339681e-06,2.71798017792326e-06,105,0.306984521251207,1,1
"TNFSF13_ITGAL","TNFSF13","ITGAL",184,167,4.50647608779291e-06,5.10003022149645e-06,266,0.310734290917398,0.99999,1
"KLRB1_IL12RB1","KLRB1","IL12RB1",111,89,2.71858068339681e-06,2.71798017792326e-06,105,0.312700119127608,1,1
"TNFSF13_CLEC2D","TNFSF13","CLEC2D",184,167,4.50647608779291e-06,5.10003022149645e-06,266,0.317197716152998,0.99995,1
"CD93_ADGRE5","CD93","ADGRE5",570,638,1.39602791850107e-05,1.94839477923038e-05,576,0.319134364496181,1,1
"KLRB1_ITGA4","KLRB1","ITGA4",111,89,2.71858068339681e-06,2.71798017792326e-06,105,0.321843998870052,1,1
"EBI3_IL10RB","EBI3","IL10RB",74,72,1.81238712226454e-06,2.19881542483679e-06,108,0.339831493062339,0.99744,1
"ITGB1_IL15RA","ITGB1","IL15RA",547,449,1.33969696740365e-05,1.37120573021072e-05,575,0.340841768767028,1,1
"TNFSF13B_CD2","TNFSF13B","CD2",803,613,1.96668494483571e-05,1.87204702142355e-05,723,0.341544060249269,1,1
"LGALS3_IL15RA","LGALS3","IL15RA",1287,1058,3.1520840896682e-05,3.23103711038518e-05,896,0.34299476356674,1,1
"IL15_MERTK","IL15","MERTK",73,109,1.7878954043961e-06,3.32876224037792e-06,156,0.345987940413137,0.99973,1
"ITGB1_IL12RB1","ITGB1","IL12RB1",547,449,1.33969696740365e-05,1.37120573021072e-05,575,0.346557421507858,1,1
"CD93_IL6R","CD93","IL6R",570,638,1.39602791850107e-05,1.94839477923038e-05,576,0.3468027597169,1,1
"LGALS3_IL12RB1","LGALS3","IL12RB1",1287,1058,3.1520840896682e-05,3.23103711038518e-05,896,0.348710425218055,1,1
"TNFSF13_IL10RA","TNFSF13","IL10RA",184,167,4.50647608779291e-06,5.10003022149645e-06,266,0.351566101689202,1,1
"B2M_TNFRSF14","B2M","TNFRSF14",41570,35581,0.00101812071179104,0.00108661182820997,1676,0.352166422673596,1,1
"ITGB1_ITGA4","ITGB1","ITGA4",547,449,1.33969696740365e-05,1.37120573021072e-05,575,0.355701071339872,1,1
"LGALS3_ITGA4","LGALS3","ITGA4",1287,1058,3.1520840896682e-05,3.23103711038518e-05,896,0.357854037386873,1,1
"SELPLG_PLAUR","SELPLG","PLAUR",111,72,2.71858068339681e-06,2.19881542483679e-06,153,0.363654294978468,0.99999,1
"ICAM3_SELL","ICAM3","SELL",186,101,4.55545952352979e-06,3.08444941539606e-06,222,0.389034247439246,1,1
"OSM_BSG","OSM","BSG",406,440,9.94363745458654e-06,1.34372053740026e-05,345,0.396611143016341,0.99999,1
"B2M_IL15RA","B2M","IL15RA",41570,35581,0.00101812071179104,0.00108661182820997,1676,0.40123152331995,1,1
"B2M_IL12RB1","B2M","IL12RB1",41570,35581,0.00101812071179104,0.00108661182820997,1676,0.406947191383111,1,1
"EBI3_ITGAL","EBI3","ITGAL",74,72,1.81238712226454e-06,2.19881542483679e-06,108,0.411063415813653,0.99378,1
"KLRB1_CD2","KLRB1","CD2",111,89,2.71858068339681e-06,2.71798017792326e-06,105,0.412374432382165,1,1
"B2M_ITGA4","B2M","ITGA4",41570,35581,0.00101812071179104,0.00108661182820997,1676,0.416090776440381,1,1
"EBI3_CLEC2D","EBI3","CLEC2D",74,72,1.81238712226454e-06,2.19881542483679e-06,108,0.417526893652113,0.99287,1
"TNFSF13_TNFRSF14","TNFSF13","TNFRSF14",184,167,4.50647608779291e-06,5.10003022149645e-06,266,0.436744427654097,0.99993,1
"OSM_CCR6","OSM","CCR6",406,440,9.94363745458654e-06,1.34372053740026e-05,345,0.43761987600204,0.99855,1
"OSM_CD74","OSM","CD74",406,440,9.94363745458654e-06,1.34372053740026e-05,345,0.438476993870986,0.99999,1
"CCL20_PLAUR","CCL20","PLAUR",2854,1950,6.9899362796527e-05,5.95512510893298e-05,506,0.438634171159107,1,1
"CD55_PLAUR","CD55","PLAUR",1814,1242,4.44279762133497e-05,3.79295660784347e-05,912,0.441636093484775,1,1
"CD93_BSG","CD93","BSG",570,638,1.39602791850107e-05,1.94839477923038e-05,576,0.443181852199297,1,1
"ITGB1_CD2","ITGB1","CD2",547,449,1.33969696740365e-05,1.37120573021072e-05,575,0.446231573988937,1,1
"LGALS3_CD2","LGALS3","CD2",1287,1058,3.1520840896682e-05,3.23103711038518e-05,896,0.44838455092385,1,1
"EBI3_IL10RA","EBI3","IL10RA",74,72,1.81238712226454e-06,2.19881542483679e-06,108,0.451895378832148,0.99323,1
"CD93_CCR6","CD93","CCR6",570,638,1.39602791850107e-05,1.94839477923038e-05,576,0.484190605808809,1,1
"CD93_CD74","CD93","CD74",570,638,1.39602791850107e-05,1.94839477923038e-05,576,0.485047702412969,1,1
"TNFSF13_IL15RA","TNFSF13","IL15RA",184,167,4.50647608779291e-06,5.10003022149645e-06,266,0.485809318847026,0.99714,1
"TNFSF13_IL12RB1","TNFSF13","IL12RB1",184,167,4.50647608779291e-06,5.10003022149645e-06,266,0.491524925749832,0.99562,1
"OSM_IL10RB","OSM","IL10RB",406,440,9.94363745458654e-06,1.34372053740026e-05,345,0.495383795157604,0.99969,1
"TNFSF13_ITGA4","TNFSF13","ITGA4",184,167,4.50647608779291e-06,5.10003022149645e-06,266,0.500668774396653,0.99952,1
"B2M_CD2","B2M","CD2",41570,35581,0.00101812071179104,0.00108661182820997,1676,0.506621297801926,1,1
"PLAU_MERTK","PLAU","MERTK",61,102,1.49399478997482e-06,3.11498851851879e-06,119,0.509316104286575,0.99936,1
"APP_SELL","APP","SELL",208,123,5.09427731663547e-06,3.75630968409619e-06,262,0.512056319832945,0.99952,1
"GAS6_PLAUR","GAS6","PLAUR",67,49,1.64094509718546e-06,1.49641605301393e-06,102,0.536765508587196,0.99457,1
"EBI3_TNFRSF14","EBI3","TNFRSF14",74,72,1.81238712226454e-06,2.19881542483679e-06,108,0.537073684891183,0.98296,1
"CD93_IL10RB","CD93","IL10RB",570,638,1.39602791850107e-05,1.94839477923038e-05,576,0.541954514643424,1,1
"IL15_IFNGR1","IL15","IFNGR1",73,109,1.7878954043961e-06,3.32876224037792e-06,156,0.547422741406559,0.99436,1
"IL15_CXCR3","IL15","CXCR3",73,109,1.7878954043961e-06,3.32876224037792e-06,156,0.556747517809363,0.98887,1
"OSM_ITGAL","OSM","ITGAL",406,440,9.94363745458654e-06,1.34372053740026e-05,345,0.56661577006382,0.99851,1
"IL15_IL27RA","IL15","IL27RA",73,109,1.7878954043961e-06,3.32876224037792e-06,156,0.570518418075864,0.98914,1
"OSM_CLEC2D","OSM","CLEC2D",406,440,9.94363745458654e-06,1.34372053740026e-05,345,0.573079189992631,0.99837,1
"EBI3_IL15RA","EBI3","IL15RA",74,72,1.81238712226454e-06,2.19881542483679e-06,108,0.586138177028371,0.96009,1
"TNFSF13_CD2","TNFSF13","CD2",184,167,4.50647608779291e-06,5.10003022149645e-06,266,0.591199226364064,0.98791,1
"EBI3_IL12RB1","EBI3","IL12RB1",74,72,1.81238712226454e-06,2.19881542483679e-06,108,0.591853668730803,0.95405,1
"TNFSF13B_PLAUR","TNFSF13B","PLAUR",803,613,1.96668494483571e-05,1.87204702142355e-05,723,0.598632429779151,1,1
"EBI3_ITGA4","EBI3","ITGA4",74,72,1.81238712226454e-06,2.19881542483679e-06,108,0.600998019812157,0.96857,1
"OSM_IL10RA","OSM","IL10RA",406,440,9.94363745458654e-06,1.34372053740026e-05,345,0.607447564589002,0.99895,1
"CD93_ITGAL","CD93","ITGAL",570,638,1.39602791850107e-05,1.94839477923038e-05,576,0.613186493062682,1,1
"IL15_IL6ST","IL15","IL6ST",73,109,1.7878954043961e-06,3.32876224037792e-06,156,0.615390804648197,0.99166,1
"CD93_CLEC2D","CD93","CLEC2D",570,638,1.39602791850107e-05,1.94839477923038e-05,576,0.619649908590027,1,1
"IL15_TNFRSF13B","IL15","TNFRSF13B",73,109,1.7878954043961e-06,3.32876224037792e-06,156,0.629731277190623,0.98916,1
"SELPLG_SELL","SELPLG","SELL",111,72,2.71858068339681e-06,2.19881542483679e-06,153,0.645490195347076,0.99675,1
"CD93_IL10RA","CD93","IL10RA",570,638,1.39602791850107e-05,1.94839477923038e-05,576,0.654018274835402,1,1
"KLRB1_PLAUR","KLRB1","PLAUR",111,89,2.71858068339681e-06,2.71798017792326e-06,105,0.669462569415618,0.99993,1
"ICAM1_MERTK","ICAM1","MERTK",790,1482,1.93484571160674e-05,4.52589508278907e-05,817,0.675249157203445,1,1
"ITGAV_MERTK","ITGAV","MERTK",81,152,1.98382914734362e-06,4.64194367465545e-06,181,0.675705620330987,1,1
"EBI3_CD2","EBI3","CD2",74,72,1.81238712226454e-06,2.19881542483679e-06,108,0.691528347322157,0.9143,1
"OSM_TNFRSF14","OSM","TNFRSF14",406,440,9.94363745458654e-06,1.34372053740026e-05,345,0.692625894860652,0.99501,1
"ITGB1_PLAUR","ITGB1","PLAUR",547,449,1.33969696740365e-05,1.37120573021072e-05,575,0.703319922802328,1,1
"LGALS3_PLAUR","LGALS3","PLAUR",1287,1058,3.1520840896682e-05,3.23103711038518e-05,896,0.705472931695796,0.99973,1
"PLAU_IFNGR1","PLAU","IFNGR1",61,102,1.49399478997482e-06,3.11498851851879e-06,119,0.710750847935779,0.99111,1
"PLAU_CXCR3","PLAU","CXCR3",61,102,1.49399478997482e-06,3.11498851851879e-06,119,0.720075565736591,0.98659,1
"CCL20_SELL","CCL20","SELL",2854,1950,6.9899362796527e-05,5.95512510893298e-05,506,0.720470660109866,0.9999,1
"CD55_SELL","CD55","SELL",1814,1242,4.44279762133497e-05,3.79295660784347e-05,912,0.723472567888308,0.99994,1
"PLAU_IL27RA","PLAU","IL27RA",61,102,1.49399478997482e-06,3.11498851851879e-06,119,0.73384650405194,0.98708,1
"IL15_ADGRE5","IL15","ADGRE5",73,109,1.7878954043961e-06,3.32876224037792e-06,156,0.734899545128125,0.96153,1
"CD93_TNFRSF14","CD93","TNFRSF14",570,638,1.39602791850107e-05,1.94839477923038e-05,576,0.739196606807487,1,1
"OSM_IL15RA","OSM","IL15RA",406,440,9.94363745458654e-06,1.34372053740026e-05,345,0.741690862860818,0.97236,1
"OSM_IL12RB1","OSM","IL12RB1",406,440,9.94363745458654e-06,1.34372053740026e-05,345,0.747406492777546,0.96673,1
"OSM_ITGA4","OSM","ITGA4",406,440,9.94363745458654e-06,1.34372053740026e-05,345,0.756550244870427,0.98669,1
"IL15_IL6R","IL15","IL6R",73,109,1.7878954043961e-06,3.32876224037792e-06,156,0.762567692349953,0.93746,1
"B2M_PLAUR","B2M","PLAUR",41570,35581,0.00101812071179104,0.00108661182820997,1676,0.76370970149775,0.99866,1
"CD58_MERTK","CD58","MERTK",187,374,4.57995124139823e-06,1.14216245679022e-05,400,0.767628201790657,0.99957,1
"PLAU_IL6ST","PLAU","IL6ST",61,102,1.49399478997482e-06,3.11498851851879e-06,119,0.778719026280923,0.98756,1
"ICAM4_MERTK","ICAM4","MERTK",37,75,9.06193561132271e-07,2.29043273420499e-06,96,0.786993177091225,0.99992,1
"CD93_IL15RA","CD93","IL15RA",570,638,1.39602791850107e-05,1.94839477923038e-05,576,0.788261608752093,0.99982,1
"PLAU_TNFRSF13B","PLAU","TNFRSF13B",61,102,1.49399478997482e-06,3.11498851851879e-06,119,0.793059490915961,0.98485,1
"CD93_IL12RB1","CD93","IL12RB1",570,638,1.39602791850107e-05,1.94839477923038e-05,576,0.793977248480744,0.99958,1
"CD93_ITGA4","CD93","ITGA4",570,638,1.39602791850107e-05,1.94839477923038e-05,576,0.803120957837864,1,1
"GAS6_SELL","GAS6","SELL",67,49,1.64094509718546e-06,1.49641605301393e-06,102,0.818600876905669,0.91178,1
"OSM_CD2","OSM","CD2",406,440,9.94363745458654e-06,1.34372053740026e-05,345,0.847080725719037,0.92572,1
"TNFSF13_PLAUR","TNFSF13","PLAUR",184,167,4.50647608779291e-06,5.10003022149645e-06,266,0.848287448898504,0.85681,1
"IL15_BSG","IL15","BSG",73,109,1.7878954043961e-06,3.32876224037792e-06,156,0.858947077443257,0.88684,1
"ICAM1_IFNGR1","ICAM1","IFNGR1",790,1482,1.93484571160674e-05,4.52589508278907e-05,817,0.876684105936864,0.99959,1
"ITGAV_IFNGR1","ITGAV","IFNGR1",81,152,1.98382914734362e-06,4.64194367465545e-06,181,0.877140402521473,0.99972,1
"TNFSF13B_SELL","TNFSF13B","SELL",803,613,1.96668494483571e-05,1.87204702142355e-05,723,0.880468844808495,0.99265,1
"ICAM1_CXCR3","ICAM1","CXCR3",790,1482,1.93484571160674e-05,4.52589508278907e-05,817,0.88600899391417,0.99782,1
"ITGAV_CXCR3","ITGAV","CXCR3",81,152,1.98382914734362e-06,4.64194367465545e-06,181,0.886465143655232,0.99913,1
"CD93_CD2","CD93","CD2",570,638,1.39602791850107e-05,1.94839477923038e-05,576,0.89365144934773,0.99856,1
"PLAU_ADGRE5","PLAU","ADGRE5",61,102,1.49399478997482e-06,3.11498851851879e-06,119,0.89822775012659,0.95807,1
"ICAM1_IL27RA","ICAM1","IL27RA",790,1482,1.93484571160674e-05,4.52589508278907e-05,817,0.899779828986956,0.99861,1
"IL15_CCR6","IL15","CCR6",73,109,1.7878954043961e-06,3.32876224037792e-06,156,0.899954996831834,0.79042,1
"ITGAV_IL27RA","ITGAV","IL27RA",81,152,1.98382914734362e-06,4.64194367465545e-06,181,0.900236069774207,0.99923,1
"IL15_CD74","IL15","CD74",73,109,1.7878954043961e-06,3.32876224037792e-06,156,0.900812956759808,0.84548,1
"PLAU_IL6R","PLAU","IL6R",61,102,1.49399478997482e-06,3.11498851851879e-06,119,0.925895796874357,0.93824,1
"ICAM1_IL6ST","ICAM1","IL6ST",790,1482,1.93484571160674e-05,4.52589508278907e-05,817,0.944651961639764,0.99985,1
"ITGAV_IL6ST","ITGAV","IL6ST",81,152,1.98382914734362e-06,4.64194367465545e-06,181,0.945108539767228,0.99982,1
"EBI3_PLAUR","EBI3","PLAUR",74,72,1.81238712226454e-06,2.19881542483679e-06,108,0.948616273355092,0.69916,1
"KLRB1_SELL","KLRB1","SELL",111,89,2.71858068339681e-06,2.71798017792326e-06,105,0.951298338297601,0.98806,1
"IL15_IL10RB","IL15","IL10RB",73,109,1.7878954043961e-06,3.32876224037792e-06,156,0.957719368774356,0.75495,1
"ICAM1_TNFRSF13B","ICAM1","TNFRSF13B",790,1482,1.93484571160674e-05,4.52589508278907e-05,817,0.958992450774384,0.99962,1
"ITGAV_TNFRSF13B","ITGAV","TNFRSF13B",81,152,1.98382914734362e-06,4.64194367465545e-06,181,0.959449008176848,0.99961,1
"CD58_IFNGR1","CD58","IFNGR1",187,374,4.57995124139823e-06,1.14216245679022e-05,400,0.969063085494439,0.98124,1
"CD58_CXCR3","CD58","CXCR3",187,374,4.57995124139823e-06,1.14216245679022e-05,400,0.978387914378706,0.96489,1
"ITGB1_SELL","ITGB1","SELL",547,449,1.33969696740365e-05,1.37120573021072e-05,575,0.985156283120967,0.99627,1
"LGALS3_SELL","LGALS3","SELL",1287,1058,3.1520840896682e-05,3.23103711038518e-05,896,0.987309380411468,0.92412,1
"ICAM4_IFNGR1","ICAM4","IFNGR1",37,75,9.06193561132271e-07,2.29043273420499e-06,96,0.98842771628401,0.99685,1
"CD58_IL27RA","CD58","IL27RA",187,374,4.57995124139823e-06,1.14216245679022e-05,400,0.99215878646472,0.96573,1
"ICAM4_CXCR3","ICAM4","CXCR3",37,75,9.06193561132271e-07,2.29043273420499e-06,96,0.997752232504335,0.99387,1
"ICAM4_IL27RA","ICAM4","IL27RA",37,75,9.06193561132271e-07,2.29043273420499e-06,96,1.01152330034702,0.9943,1
"PLAU_BSG","PLAU","BSG",61,102,1.49399478997482e-06,3.11498851851879e-06,119,1.02227530218765,0.89396,1
"IL15_ITGAL","IL15","ITGAL",73,109,1.7878954043961e-06,3.32876224037792e-06,156,1.02895126979293,0.65005,1
"IL15_CLEC2D","IL15","CLEC2D",73,109,1.7878954043961e-06,3.32876224037792e-06,156,1.03541483381743,0.64106,1
"CD58_IL6ST","CD58","IL6ST",187,374,4.57995124139823e-06,1.14216245679022e-05,400,1.03703105509575,0.97392,1
"B2M_SELL","B2M","SELL",41570,35581,0.00101812071179104,0.00108661182820997,1676,1.04554621359312,0.80098,1
"CD58_TNFRSF13B","CD58","TNFRSF13B",187,374,4.57995124139823e-06,1.14216245679022e-05,400,1.05137153596954,0.9652,1
"ICAM4_IL6ST","ICAM4","IL6ST",37,75,9.06193561132271e-07,2.29043273420499e-06,96,1.05639628839634,0.9957,1
"PLAU_CCR6","PLAU","CCR6",61,102,1.49399478997482e-06,3.11498851851879e-06,119,1.06328290984792,0.8204,1
"PLAU_CD74","PLAU","CD74",61,102,1.49399478997482e-06,3.11498851851879e-06,119,1.06414119271515,0.86154,1
"ICAM1_ADGRE5","ICAM1","ADGRE5",790,1482,1.93484571160674e-05,4.52589508278907e-05,817,1.06416074411118,0.994,1
"ITGAV_ADGRE5","ITGAV","ADGRE5",81,152,1.98382914734362e-06,4.64194367465545e-06,181,1.06461727444065,0.99714,1
"IL15_IL10RA","IL15","IL10RA",73,109,1.7878954043961e-06,3.32876224037792e-06,156,1.06978347688691,0.59254,1
"ICAM4_TNFRSF13B","ICAM4","TNFRSF13B",37,75,9.06193561132271e-07,2.29043273420499e-06,96,1.07073672554425,0.99441,1
"ICAM1_IL6R","ICAM1","IL6R",790,1482,1.93484571160674e-05,4.52589508278907e-05,817,1.09182912565135,0.97347,1
"ITGAV_IL6R","ITGAV","IL6R",81,152,1.98382914734362e-06,4.64194367465545e-06,181,1.09228537872001,0.99055,1
"OSM_PLAUR","OSM","PLAUR",406,440,9.94363745458654e-06,1.34372053740026e-05,345,1.10416903623291,0.63028,1
"PLAU_IL10RB","PLAU","IL10RB",61,102,1.49399478997482e-06,3.11498851851879e-06,119,1.12104745966886,0.7935,1
"TNFSF13_SELL","TNFSF13","SELL",184,167,4.50647608779291e-06,5.10003022149645e-06,266,1.13012347430499,0.41831,1
"CD93_PLAUR","CD93","PLAUR",570,638,1.39602791850107e-05,1.94839477923038e-05,576,1.15073978555116,0.94405,1
"IL15_TNFRSF14","IL15","TNFRSF14",73,109,1.7878954043961e-06,3.32876224037792e-06,156,1.15496176424137,0.43934,1
"CD58_ADGRE5","CD58","ADGRE5",187,374,4.57995124139823e-06,1.14216245679022e-05,400,1.15653981886509,0.86888,1
"CLCF1_MERTK","CLCF1","MERTK",21,55,5.14326075237235e-07,1.67965067175033e-06,62,1.15666957431098,0.85504,1
"ICAM4_ADGRE5","ICAM4","ADGRE5",37,75,9.06193561132271e-07,2.29043273420499e-06,96,1.17590495309527,0.98081,1
"CD58_IL6R","CD58","IL6R",187,374,4.57995124139823e-06,1.14216245679022e-05,400,1.18420809105072,0.79974,1
"ICAM1_BSG","ICAM1","BSG",790,1482,1.93484571160674e-05,4.52589508278907e-05,817,1.18820823516991,0.94847,1
"ITGAV_BSG","ITGAV","BSG",81,152,1.98382914734362e-06,4.64194367465545e-06,181,1.18866481714804,0.98261,1
"PLAU_ITGAL","PLAU","ITGAL",61,102,1.49399478997482e-06,3.11498851851879e-06,119,1.19227933860752,0.70925,1
"CXCL11_MERTK","CXCL11","MERTK",35,94,8.57210125395391e-07,2.87067569353692e-06,57,1.19293350713695,0.99865,1
"PLAU_CLEC2D","PLAU","CLEC2D",61,102,1.49399478997482e-06,3.11498851851879e-06,119,1.19874295499765,0.70134,1
"ICAM4_IL6R","ICAM4","IL6R",37,75,9.06193561132271e-07,2.29043273420499e-06,96,1.20357264619409,0.96817,1
"IL15_IL15RA","IL15","IL15RA",73,109,1.7878954043961e-06,3.32876224037792e-06,156,1.20402582372859,0.37575,1
"IL15_IL12RB1","IL15","IL12RB1",73,109,1.7878954043961e-06,3.32876224037792e-06,156,1.20974119562183,0.37102,1
"IL23A_MERTK","IL23A","MERTK",218,593,5.33919449531987e-06,1.81096881517808e-05,197,1.21133215630541,0.77755,1
"IL15_ITGA4","IL15","ITGA4",73,109,1.7878954043961e-06,3.32876224037792e-06,156,1.21888609234799,0.33326,1
"ICAM1_CCR6","ICAM1","CCR6",790,1482,1.93484571160674e-05,4.52589508278907e-05,817,1.22921695680616,0.77652,1
"ITGAV_CCR6","ITGAV","CCR6",81,152,1.98382914734362e-06,4.64194367465545e-06,181,1.22967263396341,0.92193,1
"ICAM1_CD74","ICAM1","CD74",790,1482,1.93484571160674e-05,4.52589508278907e-05,817,1.23007408667876,0.90494,1
"EBI3_SELL","EBI3","SELL",74,72,1.81238712226454e-06,2.19881542483679e-06,108,1.2304515226336,0.3607,1
"ITGAV_CD74","ITGAV","CD74",81,152,1.98382914734362e-06,4.64194367465545e-06,181,1.2305307005789,0.97175,1
"PLAU_IL10RA","PLAU","IL10RA",61,102,1.49399478997482e-06,3.11498851851879e-06,119,1.23311169506141,0.66512,1
"CD58_BSG","CD58","BSG",187,374,4.57995124139823e-06,1.14216245679022e-05,400,1.28058733051932,0.63314,1
"ICAM1_IL10RB","ICAM1","IL10RB",790,1482,1.93484571160674e-05,4.52589508278907e-05,817,1.28698088597297,0.74605,1
"ITGAV_IL10RB","ITGAV","IL10RB",81,152,1.98382914734362e-06,4.64194367465545e-06,181,1.28743707054841,0.92237,1
"CXCL9_MERTK","CXCL9","MERTK",265,766,6.49030523513653e-06,2.33929529920137e-05,246,1.29898023298856,0.74116,1
"ICAM4_BSG","ICAM4","BSG",37,75,9.06193561132271e-07,2.29043273420499e-06,96,1.2999525737628,0.9426,1
"IL15_CD2","IL15","CD2",73,109,1.7878954043961e-06,3.32876224037792e-06,156,1.30941631473638,0.23503,1
"PLAU_TNFRSF14","PLAU","TNFRSF14",61,102,1.49399478997482e-06,3.11498851851879e-06,119,1.318289968299,0.54279,1
"CD58_CCR6","CD58","CCR6",187,374,4.57995124139823e-06,1.14216245679022e-05,400,1.32159569881294,0.52126,1
"CD58_CD74","CD58","CD74",187,374,4.57995124139823e-06,1.14216245679022e-05,400,1.3224531945406,0.52699,1
"ICAM4_CCR6","ICAM4","CCR6",37,75,9.06193561132271e-07,2.29043273420499e-06,96,1.34095907014448,0.88475,1
"ICAM4_CD74","ICAM4","CD74",37,75,9.06193561132271e-07,2.29043273420499e-06,96,1.34181850406113,0.9229,1
"CLCF1_IFNGR1","CLCF1","IFNGR1",21,55,5.14326075237235e-07,1.67965067175033e-06,62,1.35810367609824,0.68018,1
"ICAM1_ITGAL","ICAM1","ITGAL",790,1482,1.93484571160674e-05,4.52589508278907e-05,817,1.35821286508748,0.57422,1
"ITGAV_ITGAL","ITGAV","ITGAL",81,152,1.98382914734362e-06,4.64194367465545e-06,181,1.35866897296778,0.85818,1
"ICAM1_CLEC2D","ICAM1","CLEC2D",790,1482,1.93484571160674e-05,4.52589508278907e-05,817,1.36467628463445,0.55547,1
"ITGAV_CLEC2D","ITGAV","CLEC2D",81,152,1.98382914734362e-06,4.64194367465545e-06,181,1.36513255026639,0.85065,1
"PLAU_IL15RA","PLAU","IL15RA",61,102,1.49399478997482e-06,3.11498851851879e-06,119,1.36735372115158,0.47743,1
"CLCF1_CXCR3","CLCF1","CXCR3",21,55,5.14326075237235e-07,1.67965067175033e-06,62,1.3674277455831,0.66754,1
"PLAU_IL12RB1","PLAU","IL12RB1",61,102,1.49399478997482e-06,3.11498851851879e-06,119,1.37306900661006,0.47083,1
"CD58_IL10RB","CD58","IL10RB",187,374,4.57995124139823e-06,1.14216245679022e-05,400,1.37935982680095,0.39892,1
"CLCF1_IL27RA","CLCF1","IL27RA",21,55,5.14326075237235e-07,1.67965067175033e-06,62,1.38119910343171,0.6559,1
"PLAU_ITGA4","PLAU","ITGA4",61,102,1.49399478997482e-06,3.11498851851879e-06,119,1.38221428978126,0.45147,1
"OSM_SELL","OSM","SELL",406,440,9.94363745458654e-06,1.34372053740026e-05,345,1.3860053070394,0.2177,1
"CXCL11_IFNGR1","CXCL11","IFNGR1",35,94,8.57210125395391e-07,2.87067569353692e-06,57,1.39436794965656,0.9845,1
"ICAM4_IL10RB","ICAM4","IL10RB",37,75,9.06193561132271e-07,2.29043273420499e-06,96,1.39872425128071,0.87025,1
"ICAM1_IL10RA","ICAM1","IL10RA",790,1482,1.93484571160674e-05,4.52589508278907e-05,817,1.39904465803905,0.46118,1
"ITGAV_IL10RA","ITGAV","IL10RA",81,152,1.98382914734362e-06,4.64194367465545e-06,181,1.39950121708509,0.8335,1
"CXCL11_CXCR3","CXCL11","CXCR3",35,94,8.57210125395391e-07,2.87067569353692e-06,57,1.40369234555976,0.97867,1
"IL23A_IFNGR1","IL23A","IFNGR1",218,593,5.33919449531987e-06,1.81096881517808e-05,197,1.4127670392818,0.53214,1
"CXCL11_IL27RA","CXCL11","IL27RA",35,94,8.57210125395391e-07,2.87067569353692e-06,57,1.41746349548077,0.97875,1
"IL23A_CXCR3","IL23A","CXCR3",218,593,5.33919449531987e-06,1.81096881517808e-05,197,1.42209186171909,0.5191,1
"TNFSF14_MERTK","TNFSF14","MERTK",92,290,2.25323804389646e-06,8.85633990559264e-06,182,1.42397515968083,0.30488,1
"CLCF1_IL6ST","CLCF1","IL6ST",21,55,5.14326075237235e-07,1.67965067175033e-06,62,1.42607312559284,0.61352,1
"CD93_SELL","CD93","SELL",570,638,1.39602791850107e-05,1.94839477923038e-05,576,1.43257612383213,0.51117,1
"IL23A_IL27RA","IL23A","IL27RA",218,593,5.33919449531987e-06,1.81096881517808e-05,197,1.43586273904018,0.50312,1
"CLCF1_TNFRSF13B","CLCF1","TNFRSF13B",21,55,5.14326075237235e-07,1.67965067175033e-06,62,1.4404135024506,0.59746,1
"CD58_ITGAL","CD58","ITGAL",187,374,4.57995124139823e-06,1.14216245679022e-05,400,1.45059177691329,0.26226,1
"CD58_CLEC2D","CD58","CLEC2D",187,374,4.57995124139823e-06,1.14216245679022e-05,400,1.45705525763114,0.24952,1
"CXCL11_IL6ST","CXCL11","IL6ST",35,94,8.57210125395391e-07,2.87067569353692e-06,57,1.46233676443256,0.97722,1
"ICAM4_ITGAL","ICAM4","ITGAL",37,75,9.06193561132271e-07,2.29043273420499e-06,96,1.46995604753351,0.80719,1
"PLAU_CD2","PLAU","CD2",61,102,1.49399478997482e-06,3.11498851851879e-06,119,1.47274442875177,0.34578,1
"ICAM4_CLEC2D","ICAM4","CLEC2D",37,75,9.06193561132271e-07,2.29043273420499e-06,96,1.47641985241566,0.79958,1
"CXCL11_TNFRSF13B","CXCL11","TNFRSF13B",35,94,8.57210125395391e-07,2.87067569353692e-06,57,1.47667718618514,0.97306,1
"IL23A_IL6ST","IL23A","IL6ST",218,593,5.33919449531987e-06,1.81096881517808e-05,197,1.48073502322657,0.44203,1
"ICAM1_TNFRSF14","ICAM1","TNFRSF14",790,1482,1.93484571160674e-05,4.52589508278907e-05,817,1.48422298966867,0.22656,1
"ITGAV_TNFRSF14","ITGAV","TNFRSF14",81,152,1.98382914734362e-06,4.64194367465545e-06,181,1.48467950303107,0.7036,1
"CD58_IL10RA","CD58","IL10RA",187,374,4.57995124139823e-06,1.14216245679022e-05,400,1.49142374472372,0.16178,0.804467671232877
"IL23A_TNFRSF13B","IL23A","TNFRSF13B",218,593,5.33919449531987e-06,1.81096881517808e-05,197,1.49507550345292,0.42294,1
"CXCL9_IFNGR1","CXCL9","IFNGR1",265,766,6.49030523513653e-06,2.33929529920137e-05,246,1.50041512929375,0.4355,1
"CXCL9_CXCR3","CXCL9","CXCR3",265,766,6.49030523513653e-06,2.33929529920137e-05,246,1.50973996400848,0.42758,1
"ICAM4_IL10RA","ICAM4","IL10RA",37,75,9.06193561132271e-07,2.29043273420499e-06,96,1.51078894199818,0.77463,1
"CXCL9_IL27RA","CXCL9","IL27RA",265,766,6.49030523513653e-06,2.33929529920137e-05,246,1.52351083360531,0.40536,1
"ICAM1_IL15RA","ICAM1","IL15RA",790,1482,1.93484571160674e-05,4.52589508278907e-05,817,1.53328797986072,0.21013,0.997087450980392
"ITGAV_IL15RA","ITGAV","IL15RA",81,152,1.98382914734362e-06,4.64194367465545e-06,181,1.53374351929386,0.60169,1
"ICAM1_IL12RB1","ICAM1","IL12RB1",790,1482,1.93484571160674e-05,4.52589508278907e-05,817,1.53900361662785,0.21163,0.997684285714286
"ITGAV_IL12RB1","ITGAV","IL12RB1",81,152,1.98382914734362e-06,4.64194367465545e-06,181,1.53945888003145,0.58941,1
"CLCF1_ADGRE5","CLCF1","ADGRE5",21,55,5.14326075237235e-07,1.67965067175033e-06,62,1.54558166341591,0.4843,1
"ICAM1_ITGA4","ICAM1","ITGA4",790,1482,1.93484571160674e-05,4.52589508278907e-05,817,1.5481473408595,0.11555,0.603520143884892
"ITGAV_ITGA4","ITGAV","ITGA4",81,152,1.98382914734362e-06,4.64194367465545e-06,181,1.54860383141703,0.5858,1
"IL15_PLAUR","IL15","PLAUR",73,109,1.7878954043961e-06,3.32876224037792e-06,156,1.5665041063646,0.04336,0.281065714285714
"CXCL9_IL6ST","CXCL9","IL6ST",265,766,6.49030523513653e-06,2.33929529920137e-05,246,1.56838308951964,0.32633,1
"CLCF1_IL6R","CLCF1","IL6R",21,55,5.14326075237235e-07,1.67965067175033e-06,62,1.57324859029072,0.45732,1
"CD58_TNFRSF14","CD58","TNFRSF14",187,374,4.57995124139823e-06,1.14216245679022e-05,400,1.57660205886748,0.06701,0.40881731092437
"CXCL11_ADGRE5","CXCL11","ADGRE5",35,94,8.57210125395391e-07,2.87067569353692e-06,57,1.58184540061658,0.93858,1
"CXCL9_TNFRSF13B","CXCL9","TNFRSF13B",265,766,6.49030523513653e-06,2.33929529920137e-05,246,1.58272357145503,0.30832,1
"ICAM4_TNFRSF14","ICAM4","TNFRSF14",37,75,9.06193561132271e-07,2.29043273420499e-06,96,1.59596716342663,0.67147,1
"IL23A_ADGRE5","IL23A","ADGRE5",218,593,5.33919449531987e-06,1.81096881517808e-05,197,1.60024378665978,0.29692,1
"CXCL11_IL6R","CXCL11","IL6R",35,94,8.57210125395391e-07,2.87067569353692e-06,57,1.60951291092837,0.92021,1
"TNFSF14_IFNGR1","TNFSF14","IFNGR1",92,290,2.25323804389646e-06,8.85633990559264e-06,182,1.62540991511239,0.10506,0.581295
"CD58_IL15RA","CD58","IL15RA",187,374,4.57995124139823e-06,1.14216245679022e-05,400,1.62566667503909,0.07847,0.466960819672131
"IL23A_IL6R","IL23A","IL6R",218,593,5.33919449531987e-06,1.81096881517808e-05,197,1.62791205401899,0.27433,1
"CD58_IL12RB1","CD58","IL12RB1",187,374,4.57995124139823e-06,1.14216245679022e-05,400,1.6313822059047,0.08096,0.47021568
"TNFSF14_CXCR3","TNFSF14","CXCR3",92,290,2.25323804389646e-06,8.85633990559264e-06,182,1.6347346092789,0.10929,0.591824444444444
"ICAM1_CD2","ICAM1","CD2",790,1482,1.93484571160674e-05,4.52589508278907e-05,817,1.63867783123019,0.08358,0.48158
"ITGAV_CD2","ITGAV","CD2",81,152,1.98382914734362e-06,4.64194367465545e-06,181,1.63913404807203,0.42978,1
"CD58_ITGA4","CD58","ITGA4",187,374,4.57995124139823e-06,1.14216245679022e-05,400,1.6405264014218,0.03239,0.211848108108108
"ICAM4_IL15RA","ICAM4","IL15RA",37,75,9.06193561132271e-07,2.29043273420499e-06,96,1.64502979671706,0.59944,1
"TNFSF14_IL27RA","TNFSF14","IL27RA",92,290,2.25323804389646e-06,8.85633990559264e-06,182,1.648505569502,0.09666,0.539808923076923
"ICAM4_IL12RB1","ICAM4","IL12RB1",37,75,9.06193561132271e-07,2.29043273420499e-06,96,1.65074476611994,0.59042,1
"ICAM4_ITGA4","ICAM4","ITGA4",37,75,9.06193561132271e-07,2.29043273420499e-06,96,1.65989146016629,0.58471,1
"CLCF1_BSG","CLCF1","BSG",21,55,5.14326075237235e-07,1.67965067175033e-06,62,1.66962943463573,0.35765,1
"CXCL9_ADGRE5","CXCL9","ADGRE5",265,766,6.49030523513653e-06,2.33929529920137e-05,246,1.68789185678974,0.18087,0.8754108
"TNFSF14_IL6ST","TNFSF14","IL6ST",92,290,2.25323804389646e-06,8.85633990559264e-06,182,1.69337815039054,0.05667,0.351644615384615
"CXCL11_BSG","CXCL11","BSG",35,94,8.57210125395391e-07,2.87067569353692e-06,57,1.70589305982508,0.87277,1
"TNFSF14_TNFRSF13B","TNFSF14","TNFRSF13B",92,290,2.25323804389646e-06,8.85633990559264e-06,182,1.70771861322804,0.05148,0.327846315789474
"CLCF1_CCR6","CLCF1","CCR6",21,55,5.14326075237235e-07,1.67965067175033e-06,62,1.71063355324996,0.33374,1
"CLCF1_CD74","CLCF1","CD74",21,55,5.14326075237235e-07,1.67965067175033e-06,62,1.71149545044095,0.30729,1
"CXCL9_IL6R","CXCL9","IL6R",265,766,6.49030523513653e-06,2.33929529920137e-05,246,1.71556014666584,0.16559,0.817811836734694
"IL23A_BSG","IL23A","BSG",218,593,5.33919449531987e-06,1.81096881517808e-05,197,1.72429129995636,0.17447,0.850102147651007
"PLAU_PLAUR","PLAU","PLAUR",61,102,1.49399478997482e-06,3.11498851851879e-06,119,1.72983206919077,0.11114,0.593291470588235
"CD58_CD2","CD58","CD2",187,374,4.57995124139823e-06,1.14216245679022e-05,400,1.73105678727926,0.02711,0.18394261682243
"CXCL11_CCR6","CXCL11","CCR6",35,94,8.57210125395391e-07,2.87067569353692e-06,57,1.74689903020179,0.82104,1
"CXCL11_CD74","CXCL11","CD74",35,94,8.57210125395391e-07,2.87067569353692e-06,57,1.7477590096109,0.84461,1
"ICAM4_CD2","ICAM4","CD2",37,75,9.06193561132271e-07,2.29043273420499e-06,96,1.7504212918047,0.4663,1
"IL23A_CCR6","IL23A","CCR6",218,593,5.33919449531987e-06,1.81096881517808e-05,197,1.76529966416841,0.17352,0.850102147651007
"IL23A_CD74","IL23A","CD74",218,593,5.33919449531987e-06,1.81096881517808e-05,197,1.76615716427556,0.14185,0.710228275862069
"CLCF1_IL10RB","CLCF1","IL10RB",21,55,5.14326075237235e-07,1.67965067175033e-06,62,1.7684000910861,0.27148,1
"CXCL11_IL10RB","CXCL11","IL10RB",35,94,8.57210125395391e-07,2.87067569353692e-06,57,1.80466451968162,0.79052,1
"CXCL9_BSG","CXCL9","BSG",265,766,6.49030523513653e-06,2.33929529920137e-05,246,1.8119393658246,0.07827,0.466960819672131
"TNFSF14_ADGRE5","TNFSF14","ADGRE5",92,290,2.25323804389646e-06,8.85633990559264e-06,182,1.81288687687134,0.02237,0.160798217821782
"IL23A_IL10RB","IL23A","IL10RB",218,593,5.33919449531987e-06,1.81096881517808e-05,197,1.82306379665699,0.11529,0.603520143884892
"CLCF1_ITGAL","CLCF1","ITGAL",21,55,5.14326075237235e-07,1.67965067175033e-06,62,1.83963171877781,0.219,1
"TNFSF14_IL6R","TNFSF14","IL6R",92,290,2.25323804389646e-06,8.85633990559264e-06,182,1.84055492204659,0.02164,0.1571064
"CLCF1_CLEC2D","CLCF1","CLEC2D",21,55,5.14326075237235e-07,1.67965067175033e-06,62,1.84609592315396,0.21465,1
"IL15_SELL","IL15","SELL",73,109,1.7878954043961e-06,3.32876224037792e-06,156,1.8483390952187,0.00635,0.0523875
"CXCL9_CCR6","CXCL9","CCR6",265,766,6.49030523513653e-06,2.33929529920137e-05,246,1.85294780246319,0.09345,0.53003671875
"CXCL9_CD74","CXCL9","CD74",265,766,6.49030523513653e-06,2.33929529920137e-05,246,1.85380522757467,0.05563,0.35048275862069
"IL6_MERTK","IL6","MERTK",137,586,3.35536534797625e-06,1.78959144299217e-05,183,1.86435285536691,0.01442,0.111371489361702
"CXCL11_ITGAL","CXCL11","ITGAL",35,94,8.57210125395391e-07,2.87067569353692e-06,57,1.87589629029604,0.7261,1
"CLCF1_IL10RA","CLCF1","IL10RA",21,55,5.14326075237235e-07,1.67965067175033e-06,62,1.88046575271428,0.18438,0.886489271523179
"CXCL11_CLEC2D","CXCL11","CLEC2D",35,94,8.57210125395391e-07,2.87067569353692e-06,57,1.8823601782343,0.72025,1
"IL23A_ITGAL","IL23A","ITGAL",218,593,5.33919449531987e-06,1.81096881517808e-05,197,1.89429574955917,0.07951,0.469302926829268
"ICAM1_PLAUR","ICAM1","PLAUR",790,1482,1.93484571160674e-05,4.52589508278907e-05,817,1.89576617455161,0.002,0.0198178378378378
"ITGAV_PLAUR","ITGAV","PLAUR",81,152,1.98382914734362e-06,4.64194367465545e-06,181,1.89622185619396,0.11005,0.591824444444444
"IL23A_CLEC2D","IL23A","CLEC2D",218,593,5.33919449531987e-06,1.81096881517808e-05,197,1.90075922955694,0.07635,0.4619175
"CXCL9_IL10RB","CXCL9","IL10RB",265,766,6.49030523513653e-06,2.33929529920137e-05,246,1.9107118941353,0.04462,0.286673628318584
"CXCL11_IL10RA","CXCL11","IL10RA",35,94,8.57210125395391e-07,2.87067569353692e-06,57,1.91672942053442,0.69106,1
"IL23A_IL10RA","IL23A","IL10RA",218,593,5.33919449531987e-06,1.81096881517808e-05,197,1.93512771501809,0.056,0.35048275862069
"TNFSF14_BSG","TNFSF14","BSG",92,290,2.25323804389646e-06,8.85633990559264e-06,182,1.93693443358119,0.00613,0.0520018604651163
"CLCF1_TNFRSF14","CLCF1","TNFRSF14",21,55,5.14326075237235e-07,1.67965067175033e-06,62,1.96564386641018,0.13519,0.686349230769231
"TNFSF14_CCR6","TNFSF14","CCR6",92,290,2.25323804389646e-06,8.85633990559264e-06,182,1.97794210449411,0.01212,0.0946141935483871
"TNFSF14_CD74","TNFSF14","CD74",92,290,2.25323804389646e-06,8.85633990559264e-06,182,1.97880032277917,0.00394,0.0344631325301205
"CXCL9_ITGAL","CXCL9","ITGAL",265,766,6.49030523513653e-06,2.33929529920137e-05,246,1.98194385289287,0.02683,0.183760188679245
"CD58_PLAUR","CD58","PLAUR",187,374,4.57995124139823e-06,1.14216245679022e-05,400,1.98814492884663,6e-04,0.00670153846153846
"CXCL9_CLEC2D","CXCL9","CLEC2D",265,766,6.49030523513653e-06,2.33929529920137e-05,246,1.9884073203929,0.02501,0.176055
"CXCL11_TNFRSF14","CXCL11","TNFRSF14",35,94,8.57210125395391e-07,2.87067569353692e-06,57,2.00190762248171,0.60198,1
"ICAM4_PLAUR","ICAM4","PLAUR",37,75,9.06193561132271e-07,2.29043273420499e-06,96,2.00750836289917,0.19392,0.926223157894737
"PLAU_SELL","PLAU","SELL",61,102,1.49399478997482e-06,3.11498851851879e-06,119,2.01166669973684,0.02637,0.182329714285714
"CLCF1_IL15RA","CLCF1","IL15RA",21,55,5.14326075237235e-07,1.67965067175033e-06,62,2.01470415983965,0.12167,0.626471063829787
"IL23A_TNFRSF14","IL23A","TNFRSF14",218,593,5.33919449531987e-06,1.81096881517808e-05,197,2.02030603012695,0.0322,0.211848108108108
"CLCF1_IL12RB1","CLCF1","IL12RB1",21,55,5.14326075237235e-07,1.67965067175033e-06,62,2.02041846966312,0.1206,0.625397142857143
"CXCL9_IL10RA","CXCL9","IL10RA",265,766,6.49030523513653e-06,2.33929529920137e-05,246,2.02277578263501,0.01459,0.111498315789474
"CLCF1_ITGA4","CLCF1","ITGA4",21,55,5.14326075237235e-07,1.67965067175033e-06,62,2.0295681125808,0.10569,0.581295
"TNFSF14_IL10RB","TNFSF14","IL10RB",92,290,2.25323804389646e-06,8.85633990559264e-06,182,2.03570663180446,0.00302,0.0274065
"CXCL11_IL15RA","CXCL11","IL15RA",35,94,8.57210125395391e-07,2.87067569353692e-06,57,2.05096981568537,0.54998,1
"CXCL11_IL12RB1","CXCL11","IL12RB1",35,94,8.57210125395391e-07,2.87067569353692e-06,57,2.05668466241481,0.54319,1
"IL6_IFNGR1","IL6","IFNGR1",137,586,3.35536534797625e-06,1.78959144299217e-05,183,2.06578766782029,0.00289,0.0268992307692308
"CXCL11_ITGA4","CXCL11","ITGA4",35,94,8.57210125395391e-07,2.87067569353692e-06,57,2.06583191134047,0.53435,1
"IL23A_IL15RA","IL23A","IL15RA",218,593,5.33919449531987e-06,1.81096881517808e-05,197,2.06937066277396,0.03038,0.204221111111111
"IL23A_IL12RB1","IL23A","IL12RB1",218,593,5.33919449531987e-06,1.81096881517808e-05,197,2.07508619864913,0.03162,0.210606605504587
"IL6_CXCR3","IL6","CXCR3",137,586,3.35536534797625e-06,1.78959144299217e-05,183,2.07511241386653,0.00344,0.0308325925925926
"IL23A_ITGA4","IL23A","ITGA4",218,593,5.33919449531987e-06,1.81096881517808e-05,197,2.0842303734682,0.02114,0.155026666666667
"IL6_IL27RA","IL6","IL27RA",137,586,3.35536534797625e-06,1.78959144299217e-05,183,2.08888334158137,0.00285,0.0268714285714286
"TNFSF14_ITGAL","TNFSF14","ITGAL",92,290,2.25323804389646e-06,8.85633990559264e-06,182,2.10693853448152,0.0018,0.01815
"CXCL9_TNFRSF14","CXCL9","TNFRSF14",265,766,6.49030523513653e-06,2.33929529920137e-05,246,2.10795410129466,0.00616,0.0520018604651163
"TNFSF14_CLEC2D","TNFSF14","CLEC2D",92,290,2.25323804389646e-06,8.85633990559264e-06,182,2.11340213145358,0.0016,0.0163605633802817
"CLCF1_CD2","CLCF1","CD2",21,55,5.14326075237235e-07,1.67965067175033e-06,62,2.12009730757585,0.08086,0.47021568
"IL6_IL6ST","IL6","IL6ST",137,586,3.35536534797625e-06,1.78959144299217e-05,183,2.13375580308218,0.00118,0.0122382857142857
"TNFSF14_IL10RA","TNFSF14","IL10RA",92,290,2.25323804389646e-06,8.85633990559264e-06,182,2.14777083368852,0.00066,0.00726
"IL6_TNFRSF13B","IL6","TNFRSF13B",137,586,3.35536534797625e-06,1.78959144299217e-05,183,2.14809627316935,0.00105,0.0110478260869565
"CXCL11_CD2","CXCL11","CD2",35,94,8.57210125395391e-07,2.87067569353692e-06,57,2.15636163133475,0.44493,1
"CXCL9_IL15RA","CXCL9","IL15RA",265,766,6.49030523513653e-06,2.33929529920137e-05,246,2.15701881001205,0.00779,0.0621487912087912
"CXCL9_IL12RB1","CXCL9","IL12RB1",265,766,6.49030523513653e-06,2.33929529920137e-05,246,2.16273436741621,0.0083,0.0654978260869565
"CXCL9_ITGA4","CXCL9","ITGA4",265,766,6.49030523513653e-06,2.33929529920137e-05,246,2.17187844638084,0.00354,0.0313419512195122
"IL23A_CD2","IL23A","CD2",218,593,5.33919449531987e-06,1.81096881517808e-05,197,2.17476076594845,0.01521,0.115025625
"ICAM1_SELL","ICAM1","SELL",790,1482,1.93484571160674e-05,4.52589508278907e-05,817,2.17760253920922,0.00011,0.00156588235294118
"ITGAV_SELL","ITGAV","SELL",81,152,1.98382914734362e-06,4.64194367465545e-06,181,2.17805691197283,0.01784,0.13352412371134
"TNFSF14_TNFRSF14","TNFSF14","TNFRSF14",92,290,2.25323804389646e-06,8.85633990559264e-06,182,2.23294911698311,0.00023,0.00287896551724138
"IL6_ADGRE5","IL6","ADGRE5",137,586,3.35536534797625e-06,1.78959144299217e-05,183,2.25326454596347,0.00045,0.00526935483870968
"CXCL9_CD2","CXCL9","CD2",265,766,6.49030523513653e-06,2.33929529920137e-05,246,2.26240886005984,0.00259,0.0250712
"CD58_SELL","CD58","SELL",187,374,4.57995124139823e-06,1.14216245679022e-05,400,2.26998080259334,1e-05,0.000168837209302326
"IL6_IL6R","IL6","IL6R",137,586,3.35536534797625e-06,1.78959144299217e-05,183,2.28093268706677,0.00034,0.00418372881355932
"TNFSF14_IL15RA","TNFSF14","IL15RA",92,290,2.25323804389646e-06,8.85633990559264e-06,182,2.28201306021715,0.00038,0.00452262295081967
"TNFSF14_IL12RB1","TNFSF14","IL12RB1",92,290,2.25323804389646e-06,8.85633990559264e-06,182,2.28772840162635,0.00046,0.00530095238095238
"ICAM4_SELL","ICAM4","SELL",37,75,9.06193561132271e-07,2.29043273420499e-06,96,2.28934163137713,0.05782,0.35574
"TNFSF14_ITGA4","TNFSF14","ITGA4",92,290,2.25323804389646e-06,8.85633990559264e-06,182,2.29687344527414,0.00012,0.00161333333333333
"CLCF1_PLAUR","CLCF1","PLAUR",21,55,5.14326075237235e-07,1.67965067175033e-06,62,2.37718322435827,0.02522,0.176055
"IL6_BSG","IL6","BSG",137,586,3.35536534797625e-06,1.78959144299217e-05,183,2.37731208459847,0.00012,0.00161333333333333
"TNFSF14_CD2","TNFSF14","CD2",92,290,2.25323804389646e-06,8.85633990559264e-06,182,2.38740364942677,0.00012,0.00161333333333333
"CXCL11_PLAUR","CXCL11","PLAUR",35,94,8.57210125395391e-07,2.87067569353692e-06,57,2.41344853612745,0.22761,1
"IL6_CCR6","IL6","CCR6",137,586,3.35536534797625e-06,1.78959144299217e-05,183,2.41832006534437,2e-04,0.00254736842105263
"IL6_CD74","IL6","CD74",137,586,3.35536534797625e-06,1.78959144299217e-05,183,2.41917796282307,6e-05,0.000888979591836735
"IL23A_PLAUR","IL23A","PLAUR",218,593,5.33919449531987e-06,1.81096881517808e-05,197,2.43184892907109,0.00202,0.0198178378378378
"IL6_IL10RB","IL6","IL10RB",137,586,3.35536534797625e-06,1.78959144299217e-05,183,2.47608441829171,6e-05,0.000888979591836735
"CXCL9_PLAUR","CXCL9","PLAUR",265,766,6.49030523513653e-06,2.33929529920137e-05,246,2.51949706385413,0.00017,0.00220392857142857
"IL6_ITGAL","IL6","ITGAL",137,586,3.35536534797625e-06,1.78959144299217e-05,183,2.54731634636541,0,0
"IL6_CLEC2D","IL6","CLEC2D",137,586,3.35536534797625e-06,1.78959144299217e-05,183,2.55377988971465,0,0
"IL6_IL10RA","IL6","IL10RA",137,586,3.35536534797625e-06,1.78959144299217e-05,183,2.58814849229309,0,0
"CXCL10_MERTK","CXCL10","MERTK",173,1240,4.23706719124008e-06,3.78684878721892e-05,237,2.60912427916406,0.02516,0.176055
"TNFSF14_PLAUR","TNFSF14","PLAUR",92,290,2.25323804389646e-06,8.85633990559264e-06,182,2.6444914677489,0,0
"CLCF1_SELL","CLCF1","SELL",21,55,5.14326075237235e-07,1.67965067175033e-06,62,2.65901375674861,0.00669,0.0545723595505618
"IL6_TNFRSF14","IL6","TNFRSF14",137,586,3.35536534797625e-06,1.78959144299217e-05,183,2.67332679090758,0,0
"CXCL11_SELL","CXCL11","SELL",35,94,8.57210125395391e-07,2.87067569353692e-06,57,2.69528144780218,0.09576,0.538928372093023
"IL23A_SELL","IL23A","SELL",218,593,5.33919449531987e-06,1.81096881517808e-05,197,2.71368486379208,0.00036,0.004356
"IL6_IL15RA","IL6","IL15RA",137,586,3.35536534797625e-06,1.78959144299217e-05,183,2.72239106187804,0,0
"IL6_IL12RB1","IL6","IL12RB1",137,586,3.35536534797625e-06,1.78959144299217e-05,183,2.72810649607987,0,0
"IL6_ITGA4","IL6","ITGA4",137,586,3.35536534797625e-06,1.78959144299217e-05,183,2.73725112676192,0,0
"CXCL9_SELL","CXCL9","SELL",265,766,6.49030523513653e-06,2.33929529920137e-05,246,2.80133309729416,2e-05,0.000322666666666667
"CXCL10_IFNGR1","CXCL10","IFNGR1",173,1240,4.23706719124008e-06,3.78684878721892e-05,237,2.81055911255603,0.00628,0.0523875
"CXCL10_CXCR3","CXCL10","CXCR3",173,1240,4.23706719124008e-06,3.78684878721892e-05,237,2.8198838761604,0.00736,0.0593706666666667
"IL6_CD2","IL6","CD2",137,586,3.35536534797625e-06,1.78959144299217e-05,183,2.82778142247245,0,0
"CXCL10_IL27RA","CXCL10","IL27RA",173,1240,4.23706719124008e-06,3.78684878721892e-05,237,2.83365479318151,0.0061,0.0520018604651163
"CXCL10_IL6ST","CXCL10","IL6ST",173,1240,4.23706719124008e-06,3.78684878721892e-05,237,2.87852721446239,0.00296,0.0272020253164557
"CXCL10_TNFRSF13B","CXCL10","TNFRSF13B",173,1240,4.23706719124008e-06,3.78684878721892e-05,237,2.89286768706851,0.00264,0.0252189473684211
"TNFSF14_SELL","TNFSF14","SELL",92,290,2.25323804389646e-06,8.85633990559264e-06,182,2.92632658172345,0,0
"CXCL10_ADGRE5","CXCL10","ADGRE5",173,1240,4.23706719124008e-06,3.78684878721892e-05,237,2.99803596333324,0.001,0.0106764705882353
"CXCL10_IL6R","CXCL10","IL6R",173,1240,4.23706719124008e-06,3.78684878721892e-05,237,3.02570413873232,0.00091,0.00986059701492537
"IL6_PLAUR","IL6","PLAUR",137,586,3.35536534797625e-06,1.78959144299217e-05,183,3.08486941744312,0,0
"CXCL10_BSG","CXCL10","BSG",173,1240,4.23706719124008e-06,3.78684878721892e-05,237,3.12208349569527,0.00016,0.002112
"CXCL10_CCR6","CXCL10","CCR6",173,1240,4.23706719124008e-06,3.78684878721892e-05,237,3.16309159017949,0.00053,0.0060121875
"CXCL10_CD74","CXCL10","CD74",173,1240,4.23706719124008e-06,3.78684878721892e-05,237,3.16394936993116,5e-05,0.000772340425531915
"CXCL10_IL10RB","CXCL10","IL10RB",173,1240,4.23706719124008e-06,3.78684878721892e-05,237,3.22085587968734,8e-05,0.0011616
"CXCL10_ITGAL","CXCL10","ITGAL",173,1240,4.23706719124008e-06,3.78684878721892e-05,237,3.29208781788996,2e-05,0.000322666666666667
"CXCL10_CLEC2D","CXCL10","CLEC2D",173,1240,4.23706719124008e-06,3.78684878721892e-05,237,3.29855134118654,5e-05,0.000772340425531915
"CXCL10_IL10RA","CXCL10","IL10RA",173,1240,4.23706719124008e-06,3.78684878721892e-05,237,3.33291990642208,0,0
"IL6_SELL","IL6","SELL",137,586,3.35536534797625e-06,1.78959144299217e-05,183,3.36670496114756,0,0
"CXCL10_TNFRSF14","CXCL10","TNFRSF14",173,1240,4.23706719124008e-06,3.78684878721892e-05,237,3.41809821096143,0,0
"CXCL10_IL15RA","CXCL10","IL15RA",173,1240,4.23706719124008e-06,3.78684878721892e-05,237,3.46716260760592,0,0
"CXCL10_IL12RB1","CXCL10","IL12RB1",173,1240,4.23706719124008e-06,3.78684878721892e-05,237,3.47287807747904,1e-05,0.000168837209302326
"CXCL10_ITGA4","CXCL10","ITGA4",173,1240,4.23706719124008e-06,3.78684878721892e-05,237,3.48202254982092,0,0
"CXCL10_CD2","CXCL10","CD2",173,1240,4.23706719124008e-06,3.78684878721892e-05,237,3.57255288116138,0,0
"SPP1_MERTK","SPP1","MERTK",119,1762,2.91451442634433e-06,5.3809899702256e-05,150,3.65580843629138,0,0
"CXCL10_PLAUR","CXCL10","PLAUR",173,1240,4.23706719124008e-06,3.78684878721892e-05,237,3.82964094713932,0,0
"SPP1_IFNGR1","SPP1","IFNGR1",119,1762,2.91451442634433e-06,5.3809899702256e-05,150,3.85724319608163,0,0
"SPP1_CXCR3","SPP1","CXCR3",119,1762,2.91451442634433e-06,5.3809899702256e-05,150,3.86656787847071,0,0
"SPP1_IL27RA","SPP1","IL27RA",119,1762,2.91451442634433e-06,5.3809899702256e-05,150,3.88033884932651,0,0
"SPP1_IL6ST","SPP1","IL6ST",119,1762,2.91451442634433e-06,5.3809899702256e-05,150,3.92521145927513,0,0
"SPP1_TNFRSF13B","SPP1","TNFRSF13B",119,1762,2.91451442634433e-06,5.3809899702256e-05,150,3.93955192115657,0,0
"SPP1_ADGRE5","SPP1","ADGRE5",119,1762,2.91451442634433e-06,5.3809899702256e-05,150,4.04472018666418,0,0
"SPP1_IL6R","SPP1","IL6R",119,1762,2.91451442634433e-06,5.3809899702256e-05,150,4.07238822936811,0,0
"CXCL10_SELL","CXCL10","SELL",173,1240,4.23706719124008e-06,3.78684878721892e-05,237,4.11147666578408,0,0
"SPP1_BSG","SPP1","BSG",119,1762,2.91451442634433e-06,5.3809899702256e-05,150,4.16876774583425,0,0
"SPP1_CCR6","SPP1","CCR6",119,1762,2.91451442634433e-06,5.3809899702256e-05,150,4.20977544007875,0,0
"SPP1_CD74","SPP1","CD74",119,1762,2.91451442634433e-06,5.3809899702256e-05,150,4.21063363462324,0,0
"SPP1_IL10RB","SPP1","IL10RB",119,1762,2.91451442634433e-06,5.3809899702256e-05,150,4.26753996025557,0,0
"SPP1_ITGAL","SPP1","ITGAL",119,1762,2.91451442634433e-06,5.3809899702256e-05,150,4.33877187334745,0,0
"SPP1_CLEC2D","SPP1","CLEC2D",119,1762,2.91451442634433e-06,5.3809899702256e-05,150,4.34523546239964,0,0
"SPP1_IL10RA","SPP1","IL10RA",119,1762,2.91451442634433e-06,5.3809899702256e-05,150,4.37960414911796,0,0
"SPP1_TNFRSF14","SPP1","TNFRSF14",119,1762,2.91451442634433e-06,5.3809899702256e-05,150,4.46478243674165,0,0
"SPP1_IL15RA","SPP1","IL15RA",119,1762,2.91451442634433e-06,5.3809899702256e-05,150,4.5138464612384,0,0
"SPP1_IL12RB1","SPP1","IL12RB1",119,1762,2.91451442634433e-06,5.3809899702256e-05,150,4.51956182659405,0,0
"SPP1_ITGA4","SPP1","ITGA4",119,1762,2.91451442634433e-06,5.3809899702256e-05,150,4.52870676801483,0,0
"SPP1_CD2","SPP1","CD2",119,1762,2.91451442634433e-06,5.3809899702256e-05,150,4.61923700036676,0,0
"SPP1_PLAUR","SPP1","PLAUR",119,1762,2.91451442634433e-06,5.3809899702256e-05,150,4.8763248969815,0,0
"SPP1_SELL","SPP1","SELL",119,1762,2.91451442634433e-06,5.3809899702256e-05,150,5.1581602246488,0,0
